elapsed_seconds,private_bytes,working_set_bytes,peak_working_set_bytes
0.111347,4308992,12017664,12017664
0.229231,9252864,16904192,16904192
0.290306,10698752,18374656,18374656
0.352035,12283904,19963904,19963904
0.413064,14381056,21704704,21704704
0.473963,16084992,23420928,23420928
0.535816,17424384,24813568,24813568
0.596789,19202048,26599424,26599424
0.659166,21561344,29544448,29544448
0.732774,22548480,30449664,30449664
0.809712,26124288,33644544,33644544
0.887652,36298752,43454464,43454464
0.962755,43139072,49033216,49033216
1.022964,49958912,55853056,55853056
1.085324,55013376,61751296,61751296
1.147821,63758336,70279168,70279168
1.207657,71438336,75837440,75939840
1.268654,79331328,83496960,83496960
1.330464,83443712,88571904,88571904
1.407588,84566016,90263552,90263552
1.484547,85192704,91205632,91205632
1.560484,86233088,92618752,92618752
1.636514,86310912,92823552,92823552
1.712443,89362432,93904896,95621120
1.773685,93921280,94388224,98500608
1.835736,36823040,42684416,98500608
1.896609,26513408,32051200,98500608
1.957663,26624000,32215040,98500608
2.018592,29884416,34787328,98500608
2.079175,39436288,43573248,98500608
2.155669,42348544,48857088,98500608
2.231499,51625984,57155584,98500608
2.307481,57954304,64151552,98500608
2.369422,68849664,73723904,98500608
2.430571,74764288,78487552,98500608
2.504400,83193856,86736896,98500608
2.567247,85291008,90058752,98500608
2.627742,86405120,91508736,98500608
2.689216,86482944,91906048,98500608
2.752026,87384064,93003776,98500608
2.826976,87461888,93392896,98500608
2.903126,90292224,94298112,98500608
2.979334,94982144,94937088,99033088
3.040166,96493568,96448512,99033088
3.100997,132628480,99192832,99192832
3.161212,142909440,106516480,106516480
3.223056,143794176,107200512,107200512
3.283772,144977920,108584960,108584960
3.345854,146751488,110346240,110346240
3.422343,148226048,111824896,111824896
3.498647,148520960,112078848,112078848
3.575247,152363008,115961856,115961856
3.650975,154431488,118026240,118026240
3.711273,156504064,120098816,120098816
3.772479,158572544,122163200,122163200
3.834024,160641024,124223488,124223488
3.894895,161529856,125112320,125112320
3.955943,170098688,133644288,133644288
4.031056,175124480,138661888,138661888
4.106551,181329920,144846848,144846848
4.187109,190496768,153976832,153976832
4.260255,192266240,155807744,155807744
4.320971,192839680,156372992,156372992
4.382723,192839680,156377088,156377088
4.443693,192839680,156385280,156385280
4.505875,192839680,156385280,156385280
4.565566,192839680,156389376,156389376
4.627643,192839680,156397568,156397568
4.702218,192839680,156401664,156401664
4.778446,192839680,156418048,156418048
4.855253,192839680,156426240,156426240
4.930838,192839680,156430336,156430336
4.992043,192839680,156504064,156504064
5.054202,192839680,156512256,156512256
5.113246,192839680,156512256,156512256
5.174870,192839680,156516352,156516352
5.236222,192839680,156520448,156520448
5.311474,192839680,156528640,156528640
5.388953,192839680,156532736,156532736
5.465251,192839680,156540928,156540928
5.541826,192839680,156545024,156545024
5.604229,192839680,156545024,156545024
5.663061,192839680,156549120,156549120
5.723688,192839680,156557312,156557312
5.785694,193114112,156958720,156958720
5.846482,193114112,156958720,156958720
5.908410,193114112,156962816,156962816
5.982992,193114112,156962816,156962816
6.059736,193114112,156962816,156962816
6.136580,193114112,156966912,156966912
6.212567,193114112,156966912,156966912
6.273137,193114112,156966912,156966912
6.334440,193114112,156971008,156971008
6.395925,193114112,156971008,156971008
6.457035,193114112,156971008,156971008
6.517617,193114112,156975104,156975104
6.579381,193114112,156975104,156975104
6.655610,193114112,156975104,156975104
6.731957,193114112,156975104,156975104
6.808985,193114112,156979200,156979200
6.883055,193114112,156979200,156979200
6.944549,193114112,156979200,156979200
7.006017,193114112,156983296,156983296
7.066118,193114112,156983296,156983296
7.127434,193114112,157048832,157048832
7.204573,193114112,157052928,157052928
7.279333,193388544,157319168,157319168
7.356017,193388544,157319168,157319168
7.431599,193388544,157323264,157323264
7.492862,193388544,157323264,157323264
7.554231,196341760,160260096,160260096
7.616139,196341760,160260096,160260096
7.676990,196419584,160337920,160337920
7.737860,196419584,160337920,160337920
7.798806,196419584,160337920,160337920
7.875381,196419584,160342016,160342016
7.951415,196419584,160342016,160342016
8.029047,196419584,160342016,160342016
8.104403,196419584,160346112,160346112
8.164900,196419584,160346112,160346112
8.225284,196419584,160346112,160346112
8.286241,196419584,160350208,160350208
8.347637,196419584,160432128,160432128
8.408826,196419584,160432128,160432128
8.484707,196419584,160436224,160436224
8.561589,196419584,160436224,160436224
8.638275,196419584,160436224,160436224
8.713905,196694016,160706560,160706560
8.775934,196694016,160706560,160706560
8.835594,196694016,160706560,160706560
8.897826,196694016,160772096,160772096
8.958207,196694016,160772096,160772096
9.018716,196694016,160772096,160772096
9.079950,196694016,160772096,160772096
9.156550,196694016,160772096,160772096
9.232428,196694016,160772096,160772096
9.307903,196694016,160772096,160772096
9.368852,196694016,160772096,160772096
9.430641,196694016,160772096,160772096
9.491301,196694016,160772096,160772096
9.551174,196694016,160772096,160772096
9.613356,196694016,160837632,160837632
9.673778,196694016,160837632,160837632
9.749160,196694016,160837632,160837632
9.825266,196694016,160837632,160837632
9.902682,196694016,160837632,160837632
9.979167,196694016,160837632,160837632
10.039532,196694016,160837632,160837632
10.100148,196694016,160837632,160837632
10.162052,196694016,160837632,160837632
10.223419,197050368,161173504,161173504
10.285154,197050368,161173504,161173504
10.344907,197050368,161173504,161173504
10.422721,197050368,161173504,161173504
10.499007,197050368,161173504,161173504
10.573710,197050368,161173504,161173504
10.650792,197050368,161173504,161173504
10.712006,197050368,161173504,161173504
10.771793,201187328,165289984,165289984
10.833163,201187328,165289984,165289984
10.894991,201187328,165355520,165355520
10.956595,201187328,165371904,165371904
11.016168,201187328,165380096,165380096
11.091949,201187328,165380096,165380096
11.169078,201187328,165380096,165380096
11.244828,201187328,165380096,165380096
11.306664,201187328,165396480,165396480
11.367705,201187328,165429248,165429248
11.429482,201187328,165429248,165429248
11.489441,201187328,165429248,165429248
11.550941,201187328,165462016,165462016
11.612034,201187328,165462016,165462016
11.673562,201187328,165462016,165462016
11.749623,201187328,165494784,165494784
11.826130,201187328,165494784,165494784
11.901869,201187328,165527552,165527552
11.961867,201187328,165527552,165527552
12.023349,201187328,165556224,165556224
12.084946,201187328,165556224,165556224
12.145851,201187328,165621760,165621760
12.205317,201187328,165683200,165683200
12.267796,201187328,165748736,165748736
12.342120,201187328,165748736,165748736
12.419093,201187328,165748736,165748736
12.496020,201256960,165814272,165814272
12.570817,201256960,165814272,165814272
12.632344,201256960,165814272,165814272
12.694425,201256960,165814272,165814272
12.754363,201256960,165814272,165814272
12.815897,201256960,165814272,165814272
12.875935,201404416,165949440,165949440
12.952738,201404416,165949440,165949440
13.028857,201404416,165949440,165949440
13.105141,201445376,165982208,165982208
13.182011,201515008,166047744,166047744
13.242186,201515008,166047744,166047744
13.303136,201515008,166047744,166047744
13.365817,201515008,166113280,166113280
13.425431,201515008,166113280,166113280
13.486028,201515008,166113280,166113280
13.563316,201719808,166309888,166309888
13.640541,201719808,166309888,166309888
13.716786,201719808,166309888,166309888
13.791941,201719808,166309888,166309888
13.852760,201719808,166309888,166309888
13.915462,203493376,168071168,168071168
13.974345,203493376,168071168,168071168
14.036694,203493376,168071168,168071168
14.097905,203493376,168071168,168071168
14.159922,203493376,168071168,168071168
14.234421,203628544,168202240,168202240
14.310791,203628544,168202240,168202240
14.387547,203628544,168202240,168202240
14.464608,203628544,168202240,168202240
14.538706,203628544,168202240,168202240
14.599362,203628544,168267776,168267776
14.660972,203628544,168267776,168267776
14.722900,203628544,168267776,168267776
14.784171,203628544,168267776,168267776
14.859433,203763712,168398848,168398848
14.936847,203763712,168398848,168398848
15.013353,203763712,168398848,168398848
15.089258,203763712,168398848,168398848
15.148653,203763712,168398848,168398848
15.210157,203763712,168398848,168398848
15.271945,203763712,168398848,168398848
15.334218,203763712,168398848,168398848
15.393624,203841536,168468480,168468480
15.454395,203976704,168599552,168599552
15.530031,203976704,168665088,168665088
15.606688,203976704,168665088,168665088
15.682835,203976704,168665088,168665088
15.744250,203976704,168730624,168730624
15.805128,203976704,168730624,168730624
15.865493,203976704,168730624,168730624
15.926982,203976704,168730624,168730624
15.988932,203976704,168730624,168730624
16.050439,204251136,168996864,168996864
16.125990,204251136,168996864,168996864
16.202489,204251136,168996864,168996864
16.278757,204251136,168996864,168996864
16.354800,204251136,168996864,168996864
16.415003,204251136,168996864,168996864
16.476018,204251136,168996864,168996864
16.539373,204251136,168996864,168996864
16.598385,204251136,168996864,168996864
16.659678,204251136,168996864,168996864
16.721051,204251136,168996864,168996864
16.795937,204251136,168996864,168996864
16.873290,204251136,168996864,168996864
16.948128,205434880,170233856,170233856
17.009124,205434880,170233856,170233856
17.070814,205434880,170233856,170233856
17.131609,205434880,170233856,170233856
17.193498,205434880,170233856,170233856
17.254431,205434880,170233856,170233856
17.313844,205434880,170233856,170233856
17.390168,205434880,170233856,170233856
17.467122,205434880,170233856,170233856
17.542773,205434880,170233856,170233856
17.618974,205434880,170266624,170266624
17.679603,205434880,170266624,170266624
17.740359,205434880,170266624,170266624
17.800732,205434880,170266624,170266624
17.862806,205512704,170336256,170336256
17.924100,205512704,170336256,170336256
18.000711,205512704,170336256,170336256
18.077340,205512704,170336256,170336256
18.152178,205512704,170336256,170336256
18.229149,205512704,170401792,170401792
18.290950,205512704,170401792,170401792
18.350002,205512704,170401792,170401792
18.411229,205512704,170401792,170401792
18.476165,205512704,170401792,170401792
18.535790,205512704,170401792,170401792
18.596041,205512704,170401792,170401792
18.657820,205512704,170401792,170401792
18.734548,205512704,170401792,170401792
18.810189,205512704,170401792,170401792
18.885859,205512704,170401792,170401792
18.961307,205512704,170401792,170401792
19.022849,205512704,170401792,170401792
19.084453,205512704,170401792,170401792
19.145193,205512704,170401792,170401792
19.207004,205512704,170401792,170401792
19.268575,205512704,170401792,170401792
19.343232,205512704,170401792,170401792
19.419102,205512704,170401792,170401792
19.496057,205512704,170467328,170467328
19.572310,205512704,170467328,170467328
19.632952,205512704,170467328,170467328
19.694845,205512704,170467328,170467328
19.756486,205512704,170467328,170467328
19.817675,205512704,170467328,170467328
19.878218,205512704,170467328,170467328
19.938825,205512704,170467328,170467328
20.014539,205582336,170532864,170532864
20.091229,205582336,170532864,170532864
20.168547,206766080,171712512,171712512
20.244273,206766080,171712512,171712512
20.305198,206766080,171712512,171712512
20.366480,206766080,171712512,171712512
20.425991,206843904,171782144,171782144
20.488250,206843904,171782144,171782144
20.548832,206843904,171782144,171782144
20.625375,206843904,171782144,171782144
20.702030,206843904,171847680,171847680
20.777623,206843904,171847680,171847680
20.853266,206843904,171847680,171847680
20.914609,206843904,171847680,171847680
20.974538,206843904,171847680,171847680
21.035747,206843904,171847680,171847680
21.096267,206843904,171847680,171847680
21.156977,206843904,171847680,171847680
21.235487,206843904,171847680,171847680
21.312050,206843904,171847680,171847680
21.386342,206843904,171847680,171847680
21.464465,206843904,171847680,171847680
21.539513,206843904,171847680,171847680
21.600186,206843904,171847680,171847680
21.663508,206843904,171847680,171847680
21.723138,206843904,171847680,171847680
21.785237,206843904,171847680,171847680
21.845741,206843904,171847680,171847680
21.921565,206843904,171847680,171847680
21.997776,206843904,171847680,171847680
22.073909,206843904,171913216,171913216
22.150444,206843904,171913216,171913216
22.212119,206843904,171913216,171913216
22.272564,206843904,171913216,171913216
22.334550,206843904,171913216,171913216
22.395225,206843904,171913216,171913216
22.456036,206843904,171913216,171913216
22.517103,206843904,171913216,171913216
22.592494,206843904,171913216,171913216
22.669749,206843904,171913216,171913216
22.745673,206843904,171913216,171913216
22.807861,206843904,171913216,171913216
22.868611,206843904,171913216,171913216
22.929860,206843904,171913216,171913216
22.992282,206843904,171913216,171913216
23.053382,206843904,171913216,171913216
23.113209,206925824,171982848,171982848
23.176407,206925824,171982848,171982848
23.238924,206925824,171982848,171982848
23.312556,206925824,171982848,171982848
23.390100,206925824,171982848,171982848
23.467404,206925824,171986944,171986944
23.543943,206925824,171991040,171991040
23.619561,209457152,173465600,173465600
23.683290,209592320,173596672,173596672
23.759820,209592320,173600768,173600768
23.820110,209592320,173604864,173604864
23.882057,209592320,173608960,173608960
23.942239,209592320,173608960,173608960
24.006685,209592320,173613056,173613056
24.065503,209592320,173617152,173617152
24.139065,209592320,173617152,173617152
24.265036,209592320,173617152,173617152
24.391905,209866752,173887488,173887488
24.466959,209866752,173887488,173887488
24.541975,209866752,173891584,173891584
24.603020,209866752,173895680,173895680
24.665629,209866752,173899776,173899776
24.725526,209866752,173903872,173903872
24.786883,209866752,173907968,173907968
24.848784,209866752,173907968,173907968
24.909109,209866752,173912064,173912064
24.969359,209866752,173916160,173916160
25.045368,209866752,173920256,173920256
25.121655,209866752,173924352,173924352
25.197647,209866752,173928448,173928448
25.259195,209866752,173932544,173932544
25.319542,209866752,173936640,173936640
25.379756,209866752,173936640,173936640
25.441200,209866752,173940736,173940736
25.502645,209866752,173944832,173944832
25.578067,209866752,173948928,173948928
25.654610,209866752,173953024,173953024
25.731178,210141184,174288896,174288896
25.807055,210141184,174292992,174292992
25.868333,210141184,174297088,174297088
25.929799,210141184,174301184,174301184
25.990956,210141184,174366720,174366720
26.053694,210141184,174366720,174366720
26.112932,210219008,174436352,174436352
26.174876,210219008,174436352,174436352
26.249910,210219008,174436352,174436352
26.326994,210219008,174436352,174436352
26.402625,210219008,174436352,174436352
26.479788,210219008,174436352,174436352
26.538832,210219008,174436352,174436352
26.601351,210219008,174436352,174436352
26.660777,210219008,174436352,174436352
26.721769,210219008,174436352,174436352
26.783083,210219008,174436352,174436352
26.859502,210219008,174436352,174436352
26.935035,210219008,174436352,174436352
27.010507,211972096,176168960,176168960
27.071824,211972096,176168960,176168960
27.132621,211972096,176168960,176168960
27.194446,211972096,176234496,176234496
27.254653,211972096,176234496,176234496
27.314666,211972096,176234496,176234496
27.376471,211972096,176234496,176234496
27.453172,211972096,176234496,176234496
27.529542,211972096,176234496,176234496
27.606016,211972096,176234496,176234496
27.682481,211972096,176234496,176234496
27.743040,211972096,176234496,176234496
27.804905,211972096,176234496,176234496
27.864679,211972096,176234496,176234496
27.926565,211972096,176234496,176234496
27.987233,211972096,176234496,176234496
28.047933,211972096,176234496,176234496
28.123693,211972096,176234496,176234496
28.200173,211972096,176234496,176234496
28.276747,211972096,176234496,176234496
28.353577,211972096,176234496,176234496
28.413071,211972096,176234496,176234496
28.474155,211972096,176300032,176300032
28.536133,211972096,176300032,176300032
28.596859,211972096,176300032,176300032
28.657219,211972096,176300032,176300032
28.734484,212049920,176369664,176369664
28.810786,212049920,176369664,176369664
28.886165,212049920,176369664,176369664
28.962282,212049920,176369664,176369664
29.024449,212049920,176369664,176369664
29.084914,212049920,176369664,176369664
29.146974,212049920,176369664,176369664
29.208106,212049920,176369664,176369664
29.269525,212049920,176369664,176369664
29.329667,212049920,176369664,176369664
29.404887,212049920,176369664,176369664
29.482639,212049920,176369664,176369664
29.558756,212049920,176369664,176369664
29.633670,212049920,176369664,176369664
29.695885,212049920,176369664,176369664
29.756870,212049920,176435200,176435200
29.817515,212049920,176435200,176435200
29.878447,212049920,176435200,176435200
29.940005,212049920,176435200,176435200
30.014978,212049920,176435200,176435200
30.091706,211959808,176394240,176435200
30.168920,212324352,176750592,176750592
30.244401,213213184,177631232,177631232
30.305402,213213184,177631232,177631232
30.367050,213213184,177631232,177631232
30.427185,213213184,177631232,177631232
30.488742,213213184,177631232,177631232
30.549790,213213184,177631232,177631232
30.610629,213213184,177631232,177631232
30.686497,213213184,177631232,177631232
30.764512,213213184,177631232,177631232
30.839374,213213184,177631232,177631232
30.916043,213213184,177631232,177631232
30.977630,213213184,177631232,177631232
31.037184,213213184,177696768,177696768
31.098834,213213184,177696768,177696768
31.159735,213213184,177696768,177696768
31.234659,213213184,177696768,177696768
31.311535,213291008,177766400,177766400
31.387728,213291008,177766400,177766400
31.463938,213291008,177766400,177766400
31.525204,213291008,177766400,177766400
31.585019,213291008,177766400,177766400
31.645876,213291008,177766400,177766400
31.707041,213291008,177766400,177766400
31.767671,213291008,177766400,177766400
31.828914,213291008,177766400,177766400
31.904486,213291008,177766400,177766400
31.981151,213291008,177766400,177766400
32.058355,213291008,177766400,177766400
32.134144,213291008,177766400,177766400
32.194936,213291008,177766400,177766400
32.256406,213291008,177766400,177766400
32.317355,213291008,177831936,177831936
32.378324,213291008,177831936,177831936
32.440427,213291008,177831936,177831936
32.510574,213291008,177831936,177831936
32.590944,213291008,177831936,177831936
32.667386,213291008,177831936,177831936
32.729697,213291008,177831936,177831936
32.789186,213291008,177831936,177831936
32.849948,213291008,177831936,177831936
32.911291,213291008,177831936,177831936
32.972411,213291008,177831936,177831936
33.032605,213291008,177831936,177831936
33.108060,213291008,177831936,177831936
33.193156,213291008,177831936,177831936
33.262450,213291008,177831936,177831936
33.338721,213291008,177831936,177831936
33.399373,213291008,177831936,177831936
33.461149,213291008,177831936,177831936
33.521480,213291008,177831936,177831936
33.582453,213291008,177831936,177831936
33.643886,213291008,177831936,177831936
33.705056,214470656,179003392,179003392
33.779946,214470656,179068928,179068928
33.856223,214470656,179068928,179068928
33.933946,214470656,179068928,179068928
34.010242,214470656,179068928,179068928
34.071717,214548480,179138560,179138560
34.132664,214548480,179138560,179138560
34.194195,214548480,179138560,179138560
34.254969,214548480,179138560,179138560
34.314758,214548480,179138560,179138560
34.375929,214548480,179138560,179138560
34.453288,214548480,179138560,179138560
34.529125,214548480,179138560,179138560
34.605440,214548480,179138560,179138560
34.682085,214548480,179138560,179138560
34.741811,214548480,179138560,179138560
34.803581,214548480,179138560,179138560
34.863299,214548480,179138560,179138560
34.924454,214548480,179138560,179138560
34.984810,214548480,179204096,179204096
35.062300,214827008,179470336,179470336
35.138403,214827008,179470336,179470336
35.213683,214827008,179535872,179535872
35.274761,214827008,179535872,179535872
35.336536,214827008,179535872,179535872
35.396940,214827008,179535872,179535872
35.459496,214827008,179535872,179535872
35.518732,214827008,179535872,179535872
35.578935,214827008,179535872,179535872
35.654992,214827008,179601408,179601408
35.731721,214827008,179601408,179601408
35.807712,214827008,179601408,179601408
35.869633,214827008,179601408,179601408
35.930413,214827008,179601408,179601408
35.991710,214827008,179601408,179601408
36.051703,214827008,179601408,179601408
36.113079,214827008,179601408,179601408
36.173667,214827008,179666944,179666944
36.235017,214827008,179666944,179666944
36.310923,215101440,179933184,179933184
36.387657,215101440,179933184,179933184
36.465333,215179264,180002816,180002816
36.540786,215179264,180002816,180002816
36.602238,215179264,180002816,180002816
36.662402,215179264,180002816,180002816
36.723388,215769088,180588544,180588544
36.784641,215769088,180588544,180588544
36.845040,215769088,180588544,180588544
36.921591,215769088,180588544,180588544
36.999170,215769088,180588544,180588544
37.074420,215769088,180588544,180588544
37.149169,215769088,180588544,180588544
37.211557,215769088,180588544,180588544
37.272732,215769088,180588544,180588544
37.333457,215769088,180588544,180588544
37.394489,215769088,180666368,180666368
37.455178,215769088,180666368,180666368
37.515785,215769088,180666368,180666368
37.592273,215769088,180666368,180666368
37.668817,215769088,180666368,180666368
37.744832,215769088,180666368,180666368
37.805997,215769088,180666368,180666368
37.867982,215769088,180666368,180666368
37.926832,215769088,180666368,180666368
37.989308,215769088,180666368,180666368
38.051205,215769088,180666368,180666368
38.110805,215769088,180666368,180666368
38.187735,215769088,180666368,180666368
38.263939,215769088,180666368,180666368
38.340427,215769088,180666368,180666368
38.416226,215769088,180666368,180666368
38.475980,215769088,180666368,180666368
38.537221,215769088,180666368,180666368
38.598623,215769088,180666368,180666368
38.659886,215769088,180731904,180731904
38.721093,215769088,180731904,180731904
38.796418,215769088,180731904,180731904
38.873518,215769088,180731904,180731904
38.950168,215769088,180731904,180731904
39.024744,215769088,180731904,180731904
39.085931,215846912,180801536,180801536
39.147415,215846912,180801536,180801536
39.209574,215846912,180801536,180801536
39.270273,215846912,180801536,180801536
39.330484,215846912,180801536,180801536
39.393048,215846912,180801536,180801536
39.468504,215846912,180801536,180801536
39.543690,215846912,180801536,180801536
39.620786,215846912,180801536,180801536
39.696992,215846912,180801536,180801536
39.758461,215846912,180801536,180801536
39.820008,215846912,180801536,180801536
39.880646,216506368,181518336,181518336
39.943334,216506368,181518336,181518336
40.002969,216506368,181518336,181518336
40.064462,216506368,181518336,181518336
40.141403,216506368,181518336,181518336
40.216748,216506368,181518336,181518336
40.294413,216506368,181518336,181518336
40.369880,216506368,181518336,181518336
40.430498,216506368,181518336,181518336
40.492077,216506368,181518336,181518336
40.551482,216506368,181518336,181518336
40.612729,216506368,181518336,181518336
40.674263,216506368,181518336,181518336
40.735878,216506368,181518336,181518336
40.811974,216506368,181518336,181518336
40.888003,216506368,181518336,181518336
40.964197,216506368,181518336,181518336
41.024064,216506368,181518336,181518336
41.085694,216506368,181518336,181518336
41.147818,216506368,181583872,181583872
41.209606,216506368,181583872,181583872
41.269522,216506368,181583872,181583872
41.330937,216506368,181583872,181583872
41.391113,216506368,181583872,181583872
41.468917,216506368,181583872,181583872
41.544673,216506368,181587968,181587968
41.620443,216506368,181587968,181587968
41.682447,216584192,181657600,181657600
41.744085,216584192,181657600,181657600
41.805322,216584192,181657600,181657600
41.865038,216584192,181657600,181657600
41.927638,216584192,181657600,181657600
41.988085,216584192,181657600,181657600
42.049005,216584192,181657600,181657600
42.125269,216584192,181657600,181657600
42.201245,216584192,181657600,181657600
42.278172,216584192,181657600,181657600
42.354754,216584192,181657600,181657600
42.414752,216584192,181657600,181657600
42.476357,216584192,181723136,181723136
42.536791,216584192,181723136,181723136
42.598784,216584192,181723136,181723136
42.659783,216584192,181723136,181723136
42.721085,216584192,181723136,181723136
42.797670,216584192,181723136,181723136
42.872263,216584192,181723136,181723136
42.949239,216584192,181723136,181723136
43.025314,216584192,181723136,181723136
43.086974,216584192,181723136,181723136
43.147802,216584192,181723136,181723136
43.209678,217178112,182374400,182374400
43.271073,217178112,182374400,182374400
43.330293,217178112,182374400,182374400
43.392115,217178112,182374400,182374400
43.467792,217178112,182374400,182374400
43.544064,217178112,182374400,182374400
43.621060,217178112,182374400,182374400
43.697097,217178112,182374400,182374400
43.758661,217178112,182378496,182378496
43.818785,217178112,182382592,182382592
43.880200,217178112,182386688,182386688
43.940520,217178112,182390784,182390784
44.002186,217178112,182390784,182390784
44.078209,217178112,182394880,182394880
44.154052,218501120,182665216,182665216
44.230886,218775552,182935552,182935552
44.307987,218775552,182935552,182939648
44.383194,218775552,182939648,182939648
44.444350,218775552,182943744,182943744
44.504274,218775552,182947840,182947840
44.566310,218775552,182951936,182951936
44.626770,218775552,182956032,182956032
44.707242,218775552,182960128,182960128
44.780362,218910720,183095296,183095296
44.856558,218910720,183099392,183099392
44.932437,218910720,183103488,183103488
44.994161,218910720,183107584,183107584
45.055147,218910720,183107584,183107584
45.115073,218910720,183111680,183111680
45.175977,218910720,183115776,183115776
45.238185,218910720,183119872,183119872
45.299921,218910720,183250944,183250944
45.374309,218910720,183250944,183250944
45.451067,218910720,183250944,183250944
45.528143,219185152,183517184,183517184
45.604108,219185152,183517184,183517184
45.664773,219185152,183517184,183517184
45.725104,219185152,183517184,183517184
45.787853,219185152,183517184,183517184
45.849002,219185152,183517184,183517184
45.909710,219185152,183517184,183517184
45.971039,219185152,183517184,183517184
46.048190,219185152,183517184,183517184
46.124090,219185152,183517184,183517184
46.198837,219185152,183517184,183517184
46.275085,219185152,183517184,183517184
46.336268,219185152,183517184,183517184
46.399048,219185152,183517184,183517184
46.460204,219185152,183517184,183517184
46.520620,219185152,183582720,183582720
46.580273,219185152,183582720,183582720
46.642547,219185152,183582720,183582720
46.718033,219262976,183652352,183652352
46.794805,219262976,183652352,183652352
46.870292,219262976,183652352,183652352
46.931779,219262976,183652352,183652352
46.992398,219262976,183652352,183652352
47.054397,219262976,183652352,183652352
47.114742,219262976,183652352,183652352
47.175118,219262976,183652352,183652352
47.236285,219262976,183652352,183652352
47.313204,219262976,183652352,183652352
47.389825,219262976,183652352,183652352
47.465384,219262976,183652352,183652352
47.540940,219262976,183652352,183652352
47.602243,219262976,183652352,183652352
47.663158,219262976,183652352,183652352
47.723774,219262976,183717888,183717888
47.784932,219262976,183717888,183717888
47.846118,219262976,183717888,183717888
47.921723,219262976,183717888,183717888
47.998841,219262976,183717888,183717888
48.074508,219262976,183717888,183717888
48.151770,219262976,183717888,183717888
48.211257,219262976,183717888,183717888
48.273602,219262976,183717888,183717888
48.335225,219262976,183717888,183717888
48.395167,219262976,183717888,183717888
48.455249,219262976,183717888,183717888
48.516334,219262976,183717888,183717888
48.593325,219262976,183717888,183717888
48.669723,219262976,183717888,183717888
48.744945,219262976,183717888,183717888
48.807247,219262976,183717888,183717888
48.867647,219262976,183717888,183717888
48.929671,219262976,183783424,183783424
48.990215,219262976,183783424,183783424
49.051275,219262976,183783424,183783424
49.111994,219262976,183783424,183783424
49.172906,219262976,183783424,183783424
49.250140,219340800,183853056,183853056
49.325346,219340800,183853056,183853056
49.401484,219340800,183853056,183853056
49.463551,219340800,183853056,183853056
49.524299,219340800,183853056,183853056
49.584695,219340800,183853056,183853056
49.645536,219340800,183853056,183853056
49.707562,219340800,183853056,183853056
49.767436,219340800,183853056,183853056
49.843231,219340800,183853056,183853056
49.919867,219615232,184119296,184119296
49.996817,219615232,184119296,184119296
50.073234,219615232,184184832,184184832
50.133761,219615232,184184832,184184832
50.194571,219615232,184184832,184184832
50.254069,219615232,184184832,184184832
50.315493,219615232,184184832,184184832
50.376884,219615232,184184832,184184832
50.439069,219615232,184184832,184184832
50.514450,219615232,184184832,184184832
50.590810,219615232,184184832,184184832
50.667754,219615232,184184832,184184832
50.743612,219615232,184184832,184184832
50.804584,219615232,184184832,184184832
50.865604,219615232,184184832,184184832
50.926399,219615232,184184832,184184832
50.988281,219615232,184184832,184184832
51.049634,219615232,184184832,184184832
51.124548,219615232,184184832,184184832
51.200245,219615232,184184832,184184832
51.275905,219893760,184516608,184516608
51.336829,219893760,184516608,184516608
51.397941,219893760,184516608,184516608
51.459908,219893760,184516608,184516608
51.520902,219893760,184520704,184520704
51.581215,219893760,184520704,184520704
51.643105,219893760,184520704,184520704
51.719820,219971584,184594432,184594432
51.794669,219971584,184594432,184594432
51.871890,219971584,184598528,184598528
51.947190,219971584,184598528,184598528
52.008983,219971584,184598528,184598528
52.070671,219971584,184602624,184602624
52.131807,219971584,184602624,184602624
52.193160,219971584,184602624,184602624
52.253714,219971584,184602624,184602624
52.314309,219971584,184602624,184602624
52.390822,219971584,184602624,184602624
52.467367,219971584,184668160,184668160
52.543731,219971584,184668160,184668160
52.620299,219971584,184668160,184668160
52.682319,219971584,184668160,184668160
52.742918,219971584,184668160,184668160
52.803006,219971584,184668160,184668160
52.863449,219971584,184668160,184668160
52.925384,219971584,184668160,184668160
52.985817,219971584,184668160,184668160
53.061014,219971584,184668160,184668160
53.137625,219971584,184668160,184668160
53.214121,219971584,184668160,184668160
53.274570,219971584,184668160,184668160
53.334897,219971584,184668160,184668160
53.396943,219971584,184668160,184668160
53.456370,219971584,184668160,184668160
53.518535,219971584,184668160,184668160
53.579126,219971584,184668160,184668160
53.654957,219971584,184668160,184668160
53.733263,219971584,184733696,184733696
53.808110,219971584,184733696,184733696
53.869240,219971584,184733696,184733696
53.930874,219971584,184733696,184733696
53.992259,219971584,184733696,184733696
54.052342,219971584,184733696,184733696
54.113756,220106752,184864768,184864768
54.175058,220106752,184864768,184864768
54.235917,220106752,184864768,184864768
54.311929,220184576,184934400,184934400
54.389329,220184576,184934400,184934400
54.464108,220184576,184934400,184934400
54.541883,220184576,184934400,184934400
54.601904,220184576,184934400,184934400
54.662015,220184576,184934400,184934400
54.724372,220184576,184934400,184934400
54.784041,220184576,184934400,184934400
54.843958,220184576,184934400,184934400
54.919308,220184576,184999936,184999936
54.996277,220184576,184999936,184999936
55.071897,220184576,184999936,184999936
55.133370,220184576,184999936,184999936
55.194122,220184576,184999936,184999936
55.255121,220184576,184999936,184999936
55.315118,220184576,184999936,184999936
55.376514,220184576,184999936,184999936
55.453093,220479488,185290752,185290752
55.529215,220479488,185290752,185290752
55.605105,220479488,185290752,185290752
55.681374,220479488,185290752,185290752
55.741629,220479488,185290752,185290752
55.803889,220479488,185290752,185290752
55.864224,220479488,185290752,185290752
55.924630,220479488,185290752,185290752
56.000857,220479488,185290752,185290752
56.077040,220479488,185290752,185290752
56.153181,220479488,185290752,185290752
56.229540,220479488,185356288,185356288
56.289940,220479488,185356288,185356288
56.352083,220479488,185356288,185356288
56.431592,220479488,185356288,185356288
56.507947,220479488,185356288,185356288
56.566163,220479488,185356288,185356288
56.626793,220479488,185356288,185356288
56.705360,220479488,185356288,185356288
56.779721,220479488,185356288,185356288
56.855434,220479488,185356288,185356288
56.931962,220479488,185356288,185356288
56.993452,220479488,185356288,185356288
57.054497,220479488,185356288,185356288
57.115572,220479488,185356288,185356288
57.175728,220479488,185421824,185421824
57.237459,220479488,185421824,185421824
57.312559,220479488,185421824,185421824
57.390306,220479488,185421824,185421824
57.464583,220479488,185421824,185421824
57.542422,220479488,185421824,185421824
57.617244,220479488,185421824,185421824
57.677592,220479488,185487360,185487360
57.739987,220479488,185487360,185487360
57.800873,220479488,185487360,185487360
57.862044,220479488,185487360,185487360
57.938288,220479488,185487360,185487360
58.014839,220479488,185487360,185487360
58.091086,220479488,185487360,185487360
58.166717,220479488,185487360,185487360
58.226941,220479488,185487360,185487360
58.288265,220479488,185487360,185487360
58.349781,220479488,185487360,185487360
58.411189,220479488,185487360,185487360
58.473004,220479488,185487360,185487360
58.534020,220479488,185487360,185487360
58.594811,220479488,185487360,185487360
58.670150,220479488,185487360,185487360
58.746273,220479488,185487360,185487360
58.822587,220479488,185487360,185487360
58.884237,220479488,185491456,185491456
58.945277,220557312,185630720,185630720
59.006393,220557312,185630720,185630720
59.067154,220557312,185634816,185634816
59.127748,220557312,185634816,185634816
59.190675,220557312,185634816,185634816
59.266266,220557312,185638912,185638912
59.342343,220557312,185638912,185638912
59.419199,220831744,185905152,185905152
59.495278,220831744,185909248,185909248
59.555295,220831744,185909248,185909248
59.616694,220831744,185909248,185909248
59.676316,220831744,185913344,185913344
59.738653,220909568,185982976,185982976
59.799456,220909568,185982976,185982976
59.874851,220909568,185987072,185987072
59.951671,220909568,185987072,185987072
60.028582,220909568,185991168,185991168
