elapsed_seconds,rss_bytes,peak_rss_bytes,cpu_seconds,throughput,load
0.0,4083712,4083712,0.0,,
1.015999999999849,59678720,59678720,1.0,,
2.0319999999999254,66183168,66183168,1.984375,4232,19036
3.0319999999999254,70569984,70569984,2.9375,4232,19036
4.0470000000000255,76353536,76353536,3.953125,2018,71090
5.0470000000000255,80683008,80683008,4.90625,4737,102255
6.0629999999998745,83533824,83533824,5.875,4737,102255
7.0629999999998745,88113152,88113152,6.875,3577,130815
8.07899999999995,91258880,91258880,7.875,9322,154167
9.094000000000051,95113216,95113216,8.84375,9322,154167
10.094000000000051,98902016,98902016,9.8125,3657,203453
11.1099999999999,105263104,105263104,10.8125,3084,229459
12.125,112807936,112807936,11.765625,3084,229459
13.140999999999849,117088256,117088256,12.765625,3867,258010
14.140999999999849,120950784,120950784,13.734375,4879,281377
15.156999999999925,124104704,124104704,14.703125,4879,281377
16.156999999999925,127807488,127807488,15.6875,4879,281377
17.172000000000025,131629056,131629056,16.65625,4879,281377
18.172000000000025,135094272,135094272,17.640625,4757,354041
19.187999999999874,140869632,140869632,18.640625,8693,382568
20.20399999999995,144138240,144138240,19.640625,8958,405923
21.20399999999995,149479424,149479424,20.640625,8958,405923
22.21900000000005,154935296,154935296,21.625,4544,442283
23.2349999999999,157593600,157593600,22.640625,11844,457846
24.25,160505856,160505856,23.65625,11844,457846
25.25,163205120,163205120,24.65625,8203,483795
26.26599999999985,168017920,168017920,25.671875,8203,483795
27.26599999999985,171933696,171933696,26.640625,3961,525342
28.297000000000025,174637056,174637056,27.625,12180,546093
29.312999999999874,176640000,176640000,28.546875,10616,559070
30.32899999999995,177848320,177848320,29.421875,9327,566869
31.34400000000005,179396608,179396608,30.28125,9327,566869
32.34400000000005,180469760,180469760,31.15625,5930,579837
33.375,182968320,182968320,32.171875,5075,587615
34.375,189607936,189607936,32.96875,5075,587615
35.406999999999925,191254528,191254528,33.84375,5075,587615
36.422000000000025,192151552,192151552,34.625,1825,618751
37.437999999999874,194527232,194527232,35.546875,1825,618751
38.437999999999874,195981312,195981312,36.25,3831,644681
39.46900000000005,196857856,196857856,36.890625,3984,649866
40.4849999999999,198647808,198647808,37.796875,3804,660238
41.5,201269248,201269248,38.609375,3804,660238
42.51599999999985,204066816,204066816,39.609375,3015,683591
43.51599999999985,207364096,207364096,40.59375,2670,706950
44.531999999999925,209649664,209649664,41.453125,2670,706950
45.547000000000025,212475904,212475904,42.453125,3230,730338
46.547000000000025,217911296,217911296,43.4375,10621,745901
47.562999999999874,221437952,221437952,44.453125,6883,777029
48.57899999999995,226336768,226336768,45.46875,6229,797796
49.59400000000005,230334464,230334464,46.453125,6229,797796
50.59400000000005,232620032,232620032,47.4375,4248,826334
51.6099999999999,235253760,235253760,48.421875,8601,844499
52.625,237285376,237285376,49.421875,7682,860068
53.64099999999985,240005120,240005120,50.390625,7682,860068
54.64099999999985,242843648,242843648,51.359375,4637,888606
55.656999999999925,246517760,246517760,52.359375,7800,906791
56.672000000000025,248754176,248754176,53.375,10677,927546
57.687999999999874,250650624,250650624,54.359375,10212,937927
58.687999999999874,253054976,253054976,55.359375,10112,950907
59.70399999999995,256389120,256389120,56.34375,10012,961283
60.71900000000005,259248128,259248128,57.34375,10012,961283
61.71900000000005,261984256,261984256,58.328125,10012,961283
62.7349999999999,264900608,264900608,59.328125,3458,1007974
63.75,267825152,267825152,60.3125,10858,1026122
64.75,278904832,278904832,61.3125,10858,1026122
65.76599999999985,282161152,282161152,62.328125,5699,1059845
66.78199999999993,285974528,285974528,63.296875,5699,1059845
67.78199999999993,288542720,288542720,64.21875,2816,1106547
68.79700000000003,291987456,291987456,65.234375,12753,1119361
69.79700000000003,295387136,295387136,66.234375,15443,1129908
70.81299999999987,298541056,298541056,67.21875,15443,1129908
