run_id,repeat,N,query_id,status,property_verdict,runtime_seconds,budget_charged_seconds,cpu_seconds,samples,maximum_sample_gap_seconds,peak_private_bytes,peak_reported_working_set_bytes,model_hash,query_hash,tool_version,source_commit
uav-p4-76-campaign-002-003-r1-n1-shared-capacity,1,1,shared-capacity,timeout,,62.1147066,63.041565741999875,59.09375,893,0.12109039999999999,242462720,210960384,5234cb087e5274798926d516dedc77d1f9542ea7df59cec39f83859771ce1385,91a397f4dfa84865086e4eb1dfc9fb3a6d2e5fa9fb3c8af3c07060c07df86513,"UPPAAL 5.0.0 (rev. 714BA9DB36F49691), June 2023",877fa69a29e1732db2b4047eebdd99591b185c77
uav-p4-76-campaign-002-004-r1-n1-u0-service,1,1,u0-service,timeout,,62.1187968,63.118587609000315,59.5625,887,0.11607060000000001,242065408,210296832,5234cb087e5274798926d516dedc77d1f9542ea7df59cec39f83859771ce1385,5aeca4a4152577404ee725b1b2c2c697bdb02803c291742ce01c73b9a0d6c789,"UPPAAL 5.0.0 (rev. 714BA9DB36F49691), June 2023",877fa69a29e1732db2b4047eebdd99591b185c77
uav-p4-76-campaign-002-005-r1-n1-joint-backlog,1,1,joint-backlog,success,satisfied,1.9864936999999998,2.913660379999783,1.640625,27,0.11354529999999999,76566528,47833088,5234cb087e5274798926d516dedc77d1f9542ea7df59cec39f83859771ce1385,706bd493fef18a2de31be212156825af913ef21adde7d15cda47dc1bc1825afe,"UPPAAL 5.0.0 (rev. 714BA9DB36F49691), June 2023",877fa69a29e1732db2b4047eebdd99591b185c77
uav-p4-76-campaign-002-006-r1-n1-u0-queue-safety,1,1,u0-queue-safety,success,violated,10.4575651,11.524166856999727,7.890625,153,0.1238525,112693248,84742144,5234cb087e5274798926d516dedc77d1f9542ea7df59cec39f83859771ce1385,48989eef927665697ce2687c5eccfcd99da2a9e46b97640003421fd620ca3291,"UPPAAL 5.0.0 (rev. 714BA9DB36F49691), June 2023",877fa69a29e1732db2b4047eebdd99591b185c77
uav-p4-76-campaign-002-007-r1-n1-family-queue-safety,1,1,family-queue-safety,success,violated,10.3666845,11.327361486999507,7.875,151,0.12415599999999997,112959488,85024768,5234cb087e5274798926d516dedc77d1f9542ea7df59cec39f83859771ce1385,c820090fc19ffc80284d62194b40f62396cdeedc10fc1db0d853f4293b64656e,"UPPAAL 5.0.0 (rev. 714BA9DB36F49691), June 2023",877fa69a29e1732db2b4047eebdd99591b185c77
uav-p4-76-campaign-002-008-r1-n1-u0-queue-full,1,1,u0-queue-full,success,satisfied,8.970101699999999,9.898876451999968,6.40625,128,0.1153149,105541632,77533184,5234cb087e5274798926d516dedc77d1f9542ea7df59cec39f83859771ce1385,3818bec4871dc7de0d63514ca87ad26065f0abecee33e8cb6f45d999ddd09e55,"UPPAAL 5.0.0 (rev. 714BA9DB36F49691), June 2023",877fa69a29e1732db2b4047eebdd99591b185c77
uav-p4-76-campaign-002-011-r1-n2-shared-capacity,1,2,shared-capacity,timeout,,62.0657041,63.34855601399977,59.234375,890,0.12610649999999998,153272320,121843712,e7ac599140b7beeb94acdf0e3535a727c2eccc40aa15314afa3371eb09700208,24520a4484b9f6107ac75786247cfc9116d0e418ff2ce327416f5e8f03d9e3ae,"UPPAAL 5.0.0 (rev. 714BA9DB36F49691), June 2023",877fa69a29e1732db2b4047eebdd99591b185c77
uav-p4-76-campaign-002-012-r1-n2-u0-service,1,2,u0-service,timeout,,62.1096363,63.04651176400148,59.5,894,0.1172833,153878528,123940864,e7ac599140b7beeb94acdf0e3535a727c2eccc40aa15314afa3371eb09700208,5aeca4a4152577404ee725b1b2c2c697bdb02803c291742ce01c73b9a0d6c789,"UPPAAL 5.0.0 (rev. 714BA9DB36F49691), June 2023",877fa69a29e1732db2b4047eebdd99591b185c77
uav-p4-76-campaign-002-013-r1-n2-u1-service,1,2,u1-service,timeout,,62.1034728,63.03109051800129,59.59375,894,0.1202558,154243072,124575744,e7ac599140b7beeb94acdf0e3535a727c2eccc40aa15314afa3371eb09700208,2a298fb175728e04657e2f3a08a8b6d08cfdc59f13f34de49df8e537d25c7fdd,"UPPAAL 5.0.0 (rev. 714BA9DB36F49691), June 2023",877fa69a29e1732db2b4047eebdd99591b185c77
uav-p4-76-campaign-002-014-r1-n2-joint-backlog,1,2,joint-backlog,success,satisfied,9.2488728,10.204913962001228,8.140625,134,0.13110099999999997,110972928,80773120,e7ac599140b7beeb94acdf0e3535a727c2eccc40aa15314afa3371eb09700208,eef1fd0aa322d66e7142f4a04573aadb213b02b62eb0a5d3630572a0b98d5cfc,"UPPAAL 5.0.0 (rev. 714BA9DB36F49691), June 2023",877fa69a29e1732db2b4047eebdd99591b185c77
uav-p4-76-campaign-002-015-r1-n2-u0-queue-safety,1,2,u0-queue-safety,timeout,,62.079115699999996,63.00675540100019,58.90625,893,0.1274036,153657344,123617280,e7ac599140b7beeb94acdf0e3535a727c2eccc40aa15314afa3371eb09700208,48989eef927665697ce2687c5eccfcd99da2a9e46b97640003421fd620ca3291,"UPPAAL 5.0.0 (rev. 714BA9DB36F49691), June 2023",877fa69a29e1732db2b4047eebdd99591b185c77
uav-p4-76-campaign-002-016-r1-n2-family-queue-safety,1,2,family-queue-safety,timeout,,62.094772899999995,63.03260935900107,59.703125,892,0.11866030000000001,154136576,124207104,e7ac599140b7beeb94acdf0e3535a727c2eccc40aa15314afa3371eb09700208,6356fe1780c9a2a4138dd65b566bcccfa79da6531e6c956f9fe4d296bbc31521,"UPPAAL 5.0.0 (rev. 714BA9DB36F49691), June 2023",877fa69a29e1732db2b4047eebdd99591b185c77
uav-p4-76-campaign-002-017-r1-n2-u0-queue-full,1,2,u0-queue-full,timeout,,62.064918,62.97588470399933,59.21875,894,0.12435739999999998,154030080,124039168,e7ac599140b7beeb94acdf0e3535a727c2eccc40aa15314afa3371eb09700208,3818bec4871dc7de0d63514ca87ad26065f0abecee33e8cb6f45d999ddd09e55,"UPPAAL 5.0.0 (rev. 714BA9DB36F49691), June 2023",877fa69a29e1732db2b4047eebdd99591b185c77
uav-p4-76-campaign-002-020-r1-n3-shared-capacity,1,3,shared-capacity,timeout,,62.1072554,63.056194753000455,59.15625,890,0.1221456,191877120,163233792,aa1c0ecf1a0e8846421ebff91ac19ffc1645724d4309a38c568edbf23273ce90,29044e405dcf9a80e1b4ae98861904fac458bb40a5d8a645254c95b34503da49,"UPPAAL 5.0.0 (rev. 714BA9DB36F49691), June 2023",877fa69a29e1732db2b4047eebdd99591b185c77
uav-p4-76-campaign-002-021-r1-n3-u0-service,1,3,u0-service,timeout,,62.0953276,63.03301212900078,59.375,892,0.12712469999999998,191836160,163569664,aa1c0ecf1a0e8846421ebff91ac19ffc1645724d4309a38c568edbf23273ce90,5aeca4a4152577404ee725b1b2c2c697bdb02803c291742ce01c73b9a0d6c789,"UPPAAL 5.0.0 (rev. 714BA9DB36F49691), June 2023",877fa69a29e1732db2b4047eebdd99591b185c77
uav-p4-76-campaign-002-022-r1-n3-u1-service,1,3,u1-service,timeout,,62.0635972,63.01342573900001,59.375,893,0.1249048,191983616,163467264,aa1c0ecf1a0e8846421ebff91ac19ffc1645724d4309a38c568edbf23273ce90,2a298fb175728e04657e2f3a08a8b6d08cfdc59f13f34de49df8e537d25c7fdd,"UPPAAL 5.0.0 (rev. 714BA9DB36F49691), June 2023",877fa69a29e1732db2b4047eebdd99591b185c77
uav-p4-76-campaign-002-023-r1-n3-u2-service,1,3,u2-service,timeout,,62.070363,62.995674382998914,59.609375,893,0.11846029999999999,191856640,163332096,aa1c0ecf1a0e8846421ebff91ac19ffc1645724d4309a38c568edbf23273ce90,e840ed6d42baa248dd7895afcba51f5bfbfec6c13846b2177441a4e4628a01d1,"UPPAAL 5.0.0 (rev. 714BA9DB36F49691), June 2023",877fa69a29e1732db2b4047eebdd99591b185c77
uav-p4-76-campaign-002-024-r1-n3-joint-backlog,1,3,joint-backlog,success,satisfied,27.7991571,28.830854939000346,25.875,408,0.1309428,165679104,135761920,aa1c0ecf1a0e8846421ebff91ac19ffc1645724d4309a38c568edbf23273ce90,08c11b52543f7ce4217ecdddaa73b5a7b30bee3c702aaf9977f976c81781704d,"UPPAAL 5.0.0 (rev. 714BA9DB36F49691), June 2023",877fa69a29e1732db2b4047eebdd99591b185c77
uav-p4-76-campaign-002-025-r1-n3-u0-queue-safety,1,3,u0-queue-safety,timeout,,62.1329777,63.04477283000051,59.609375,892,0.11644799999999998,192204800,163819520,aa1c0ecf1a0e8846421ebff91ac19ffc1645724d4309a38c568edbf23273ce90,48989eef927665697ce2687c5eccfcd99da2a9e46b97640003421fd620ca3291,"UPPAAL 5.0.0 (rev. 714BA9DB36F49691), June 2023",877fa69a29e1732db2b4047eebdd99591b185c77
uav-p4-76-campaign-002-026-r1-n3-family-queue-safety,1,3,family-queue-safety,timeout,,62.072717399999995,63.00218314400081,59.09375,890,0.12551829999999597,191815680,163266560,aa1c0ecf1a0e8846421ebff91ac19ffc1645724d4309a38c568edbf23273ce90,7819351f2340c87b6f6fc959aa1474f27bb5356f3f5d59d400936965c45563d4,"UPPAAL 5.0.0 (rev. 714BA9DB36F49691), June 2023",877fa69a29e1732db2b4047eebdd99591b185c77
uav-p4-76-campaign-002-027-r1-n3-u0-queue-full,1,3,u0-queue-full,timeout,,62.106548,63.04022450000048,59.203125,890,0.13619979999999998,191893504,157827072,aa1c0ecf1a0e8846421ebff91ac19ffc1645724d4309a38c568edbf23273ce90,3818bec4871dc7de0d63514ca87ad26065f0abecee33e8cb6f45d999ddd09e55,"UPPAAL 5.0.0 (rev. 714BA9DB36F49691), June 2023",877fa69a29e1732db2b4047eebdd99591b185c77
uav-p4-76-campaign-002-030-r1-n4-shared-capacity,1,4,shared-capacity,timeout,,62.0855459,62.98811853299958,59.296875,891,0.1268696000000027,220909568,185991168,e8a4cdb0a4ea795ca2c90a0dfdee8cff7b9fbc3093369fa8141d61750a28033a,fefa5071ccc30359c590cb4c167064c33a81b89a86cedd5e8b7af27a44ee9795,"UPPAAL 5.0.0 (rev. 714BA9DB36F49691), June 2023",877fa69a29e1732db2b4047eebdd99591b185c77
uav-p4-76-campaign-002-031-r1-n4-u0-service,1,4,u0-service,timeout,,62.0848933,62.996496019000915,59.546875,891,0.11774899999999999,220766208,186130432,e8a4cdb0a4ea795ca2c90a0dfdee8cff7b9fbc3093369fa8141d61750a28033a,5aeca4a4152577404ee725b1b2c2c697bdb02803c291742ce01c73b9a0d6c789,"UPPAAL 5.0.0 (rev. 714BA9DB36F49691), June 2023",877fa69a29e1732db2b4047eebdd99591b185c77
uav-p4-76-campaign-002-032-r1-n4-u1-service,1,4,u1-service,timeout,,62.111469,63.129040040999826,58.421875,886,0.1182908,220119040,185339904,e8a4cdb0a4ea795ca2c90a0dfdee8cff7b9fbc3093369fa8141d61750a28033a,2a298fb175728e04657e2f3a08a8b6d08cfdc59f13f34de49df8e537d25c7fdd,"UPPAAL 5.0.0 (rev. 714BA9DB36F49691), June 2023",877fa69a29e1732db2b4047eebdd99591b185c77
uav-p4-76-campaign-002-033-r1-n4-u2-service,1,4,u2-service,timeout,,62.084346999999994,63.106225146000725,51.609375,846,0.3155359000000004,216973312,182059008,e8a4cdb0a4ea795ca2c90a0dfdee8cff7b9fbc3093369fa8141d61750a28033a,e840ed6d42baa248dd7895afcba51f5bfbfec6c13846b2177441a4e4628a01d1,"UPPAAL 5.0.0 (rev. 714BA9DB36F49691), June 2023",877fa69a29e1732db2b4047eebdd99591b185c77
uav-p4-76-campaign-002-034-r1-n4-u3-service,1,4,u3-service,timeout,,62.090848199999996,63.659468487001504,50.1875,843,0.32152969999999925,216801280,181792768,e8a4cdb0a4ea795ca2c90a0dfdee8cff7b9fbc3093369fa8141d61750a28033a,4cc61a783e99dc1baedefaa495179adb9b3bbb3a4b063dad52146272a8091c01,"UPPAAL 5.0.0 (rev. 714BA9DB36F49691), June 2023",877fa69a29e1732db2b4047eebdd99591b185c77
uav-p4-76-campaign-002-035-r1-n4-joint-backlog,1,4,joint-backlog,timeout,,62.129565,64.49014708300092,49.53125,855,0.1861177,216252416,181420032,e8a4cdb0a4ea795ca2c90a0dfdee8cff7b9fbc3093369fa8141d61750a28033a,4136909666b2c6e1b62ee8573168e37a8af8af070ca667ec25d0ace43654111b,"UPPAAL 5.0.0 (rev. 714BA9DB36F49691), June 2023",877fa69a29e1732db2b4047eebdd99591b185c77
uav-p4-76-campaign-002-036-r1-n4-u0-queue-safety,1,4,u0-queue-safety,timeout,,62.1891907,63.55767975799972,49.015625,852,0.14881929999999954,216612864,181460992,e8a4cdb0a4ea795ca2c90a0dfdee8cff7b9fbc3093369fa8141d61750a28033a,48989eef927665697ce2687c5eccfcd99da2a9e46b97640003421fd620ca3291,"UPPAAL 5.0.0 (rev. 714BA9DB36F49691), June 2023",877fa69a29e1732db2b4047eebdd99591b185c77
uav-p4-76-campaign-002-037-r1-n4-family-queue-safety,1,4,family-queue-safety,timeout,,62.132024599999994,64.00608594599908,47.859375,830,0.1929328,215855104,180817920,e8a4cdb0a4ea795ca2c90a0dfdee8cff7b9fbc3093369fa8141d61750a28033a,1597d414e16dc56a9b062576dcf9445a43310e9d4a469f6dd4e28d5dd3588070,"UPPAAL 5.0.0 (rev. 714BA9DB36F49691), June 2023",877fa69a29e1732db2b4047eebdd99591b185c77
uav-p4-76-campaign-002-038-r1-n4-u0-queue-full,1,4,u0-queue-full,timeout,,62.163017499999995,63.33893901600095,50.8125,839,0.2772722999999999,216252416,181514240,e8a4cdb0a4ea795ca2c90a0dfdee8cff7b9fbc3093369fa8141d61750a28033a,3818bec4871dc7de0d63514ca87ad26065f0abecee33e8cb6f45d999ddd09e55,"UPPAAL 5.0.0 (rev. 714BA9DB36F49691), June 2023",877fa69a29e1732db2b4047eebdd99591b185c77
uav-p4-76-campaign-002-042-r2-n1-shared-capacity,2,1,shared-capacity,timeout,,62.121147799999996,64.02371705599944,49.234375,834,0.3258088,182824960,153518080,5234cb087e5274798926d516dedc77d1f9542ea7df59cec39f83859771ce1385,91a397f4dfa84865086e4eb1dfc9fb3a6d2e5fa9fb3c8af3c07060c07df86513,"UPPAAL 5.0.0 (rev. 714BA9DB36F49691), June 2023",877fa69a29e1732db2b4047eebdd99591b185c77
uav-p4-76-campaign-002-043-r2-n1-u0-service,2,1,u0-service,timeout,,62.1410537,63.55885229900014,48.6875,841,0.4391138,176615424,147075072,5234cb087e5274798926d516dedc77d1f9542ea7df59cec39f83859771ce1385,5aeca4a4152577404ee725b1b2c2c697bdb02803c291742ce01c73b9a0d6c789,"UPPAAL 5.0.0 (rev. 714BA9DB36F49691), June 2023",877fa69a29e1732db2b4047eebdd99591b185c77
uav-p4-76-campaign-002-044-r2-n1-joint-backlog,2,1,joint-backlog,success,satisfied,3.2409179,4.916781883999647,2.296875,41,0.1672369,76816384,48177152,5234cb087e5274798926d516dedc77d1f9542ea7df59cec39f83859771ce1385,706bd493fef18a2de31be212156825af913ef21adde7d15cda47dc1bc1825afe,"UPPAAL 5.0.0 (rev. 714BA9DB36F49691), June 2023",877fa69a29e1732db2b4047eebdd99591b185c77
uav-p4-76-campaign-002-045-r2-n1-u0-queue-safety,2,1,u0-queue-safety,success,violated,17.3299242,18.991920965001555,10.359375,234,0.1933519,112975872,84979712,5234cb087e5274798926d516dedc77d1f9542ea7df59cec39f83859771ce1385,48989eef927665697ce2687c5eccfcd99da2a9e46b97640003421fd620ca3291,"UPPAAL 5.0.0 (rev. 714BA9DB36F49691), June 2023",877fa69a29e1732db2b4047eebdd99591b185c77
uav-p4-76-campaign-002-046-r2-n1-family-queue-safety,2,1,family-queue-safety,success,violated,14.4998189,15.65291875299954,9.296875,202,0.1424133,112861184,84996096,5234cb087e5274798926d516dedc77d1f9542ea7df59cec39f83859771ce1385,c820090fc19ffc80284d62194b40f62396cdeedc10fc1db0d853f4293b64656e,"UPPAAL 5.0.0 (rev. 714BA9DB36F49691), June 2023",877fa69a29e1732db2b4047eebdd99591b185c77
uav-p4-76-campaign-002-047-r2-n1-u0-queue-full,2,1,u0-queue-full,success,satisfied,12.467221799999999,14.1918701529994,7.40625,171,0.1987667,105500672,77447168,5234cb087e5274798926d516dedc77d1f9542ea7df59cec39f83859771ce1385,3818bec4871dc7de0d63514ca87ad26065f0abecee33e8cb6f45d999ddd09e55,"UPPAAL 5.0.0 (rev. 714BA9DB36F49691), June 2023",877fa69a29e1732db2b4047eebdd99591b185c77
uav-p4-76-campaign-002-050-r2-n2-shared-capacity,2,2,shared-capacity,timeout,,62.1313258,63.36908788999972,49.40625,851,0.15539650000000194,144306176,114307072,e7ac599140b7beeb94acdf0e3535a727c2eccc40aa15314afa3371eb09700208,24520a4484b9f6107ac75786247cfc9116d0e418ff2ce327416f5e8f03d9e3ae,"UPPAAL 5.0.0 (rev. 714BA9DB36F49691), June 2023",877fa69a29e1732db2b4047eebdd99591b185c77
uav-p4-76-campaign-002-051-r2-n2-u0-service,2,2,u0-service,timeout,,62.0867874,63.373847708999165,52.203125,849,0.16300079999999895,144715776,115359744,e7ac599140b7beeb94acdf0e3535a727c2eccc40aa15314afa3371eb09700208,5aeca4a4152577404ee725b1b2c2c697bdb02803c291742ce01c73b9a0d6c789,"UPPAAL 5.0.0 (rev. 714BA9DB36F49691), June 2023",877fa69a29e1732db2b4047eebdd99591b185c77
uav-p4-76-campaign-002-052-r2-n2-u1-service,2,2,u1-service,timeout,,62.149536399999995,63.59935906099963,49.953125,850,0.1497517,144257024,114249728,e7ac599140b7beeb94acdf0e3535a727c2eccc40aa15314afa3371eb09700208,2a298fb175728e04657e2f3a08a8b6d08cfdc59f13f34de49df8e537d25c7fdd,"UPPAAL 5.0.0 (rev. 714BA9DB36F49691), June 2023",877fa69a29e1732db2b4047eebdd99591b185c77
uav-p4-76-campaign-002-053-r2-n2-joint-backlog,2,2,joint-backlog,success,satisfied,15.3348126,16.821137582999654,10.484375,206,0.1660732,111136768,80855040,e7ac599140b7beeb94acdf0e3535a727c2eccc40aa15314afa3371eb09700208,eef1fd0aa322d66e7142f4a04573aadb213b02b62eb0a5d3630572a0b98d5cfc,"UPPAAL 5.0.0 (rev. 714BA9DB36F49691), June 2023",877fa69a29e1732db2b4047eebdd99591b185c77
uav-p4-76-campaign-002-054-r2-n2-u0-queue-safety,2,2,u0-queue-safety,timeout,,62.1317217,63.72983845800081,48.828125,827,0.2136342999999954,141987840,112332800,e7ac599140b7beeb94acdf0e3535a727c2eccc40aa15314afa3371eb09700208,48989eef927665697ce2687c5eccfcd99da2a9e46b97640003421fd620ca3291,"UPPAAL 5.0.0 (rev. 714BA9DB36F49691), June 2023",877fa69a29e1732db2b4047eebdd99591b185c77
uav-p4-76-campaign-002-055-r2-n2-family-queue-safety,2,2,family-queue-safety,timeout,,62.1792708,63.69640949300083,46.265625,828,0.25993849999999696,141058048,110809088,e7ac599140b7beeb94acdf0e3535a727c2eccc40aa15314afa3371eb09700208,6356fe1780c9a2a4138dd65b566bcccfa79da6531e6c956f9fe4d296bbc31521,"UPPAAL 5.0.0 (rev. 714BA9DB36F49691), June 2023",877fa69a29e1732db2b4047eebdd99591b185c77
uav-p4-76-campaign-002-056-r2-n2-u0-queue-full,2,2,u0-queue-full,timeout,,62.0961606,64.20405860199935,41.71875,780,0.6184413999999983,138973184,108929024,e7ac599140b7beeb94acdf0e3535a727c2eccc40aa15314afa3371eb09700208,3818bec4871dc7de0d63514ca87ad26065f0abecee33e8cb6f45d999ddd09e55,"UPPAAL 5.0.0 (rev. 714BA9DB36F49691), June 2023",877fa69a29e1732db2b4047eebdd99591b185c77
uav-p4-76-campaign-002-059-r2-n3-shared-capacity,2,3,shared-capacity,timeout,,62.1104165,63.33022520799932,50.359375,852,0.14177239999999997,188739584,159285248,aa1c0ecf1a0e8846421ebff91ac19ffc1645724d4309a38c568edbf23273ce90,29044e405dcf9a80e1b4ae98861904fac458bb40a5d8a645254c95b34503da49,"UPPAAL 5.0.0 (rev. 714BA9DB36F49691), June 2023",877fa69a29e1732db2b4047eebdd99591b185c77
uav-p4-76-campaign-002-060-r2-n3-u0-service,2,3,u0-service,timeout,,62.102404799999995,63.275456608998866,49.25,834,0.31804589999999955,188715008,159375360,aa1c0ecf1a0e8846421ebff91ac19ffc1645724d4309a38c568edbf23273ce90,5aeca4a4152577404ee725b1b2c2c697bdb02803c291742ce01c73b9a0d6c789,"UPPAAL 5.0.0 (rev. 714BA9DB36F49691), June 2023",877fa69a29e1732db2b4047eebdd99591b185c77
uav-p4-76-campaign-002-061-r2-n3-u1-service,2,3,u1-service,timeout,,62.0628895,63.27216299900101,54.875,864,0.1409702,189362176,160583680,aa1c0ecf1a0e8846421ebff91ac19ffc1645724d4309a38c568edbf23273ce90,2a298fb175728e04657e2f3a08a8b6d08cfdc59f13f34de49df8e537d25c7fdd,"UPPAAL 5.0.0 (rev. 714BA9DB36F49691), June 2023",877fa69a29e1732db2b4047eebdd99591b185c77
uav-p4-76-campaign-002-062-r2-n3-u2-service,2,3,u2-service,timeout,,62.248753,63.55799959600154,45.796875,818,0.40648799999999596,188264448,158679040,aa1c0ecf1a0e8846421ebff91ac19ffc1645724d4309a38c568edbf23273ce90,e840ed6d42baa248dd7895afcba51f5bfbfec6c13846b2177441a4e4628a01d1,"UPPAAL 5.0.0 (rev. 714BA9DB36F49691), June 2023",877fa69a29e1732db2b4047eebdd99591b185c77
uav-p4-76-campaign-002-063-r2-n3-joint-backlog,2,3,joint-backlog,success,satisfied,58.9681631,60.87275654400037,37.828125,765,0.2664960999999977,165580800,135475200,aa1c0ecf1a0e8846421ebff91ac19ffc1645724d4309a38c568edbf23273ce90,08c11b52543f7ce4217ecdddaa73b5a7b30bee3c702aaf9977f976c81781704d,"UPPAAL 5.0.0 (rev. 714BA9DB36F49691), June 2023",877fa69a29e1732db2b4047eebdd99591b185c77
uav-p4-76-campaign-002-064-r2-n3-u0-queue-safety,2,3,u0-queue-safety,timeout,,62.1234008,63.31285935100095,54.453125,875,0.14682259999999997,191234048,161787904,aa1c0ecf1a0e8846421ebff91ac19ffc1645724d4309a38c568edbf23273ce90,48989eef927665697ce2687c5eccfcd99da2a9e46b97640003421fd620ca3291,"UPPAAL 5.0.0 (rev. 714BA9DB36F49691), June 2023",877fa69a29e1732db2b4047eebdd99591b185c77
uav-p4-76-campaign-002-065-r2-n3-family-queue-safety,2,3,family-queue-safety,timeout,,62.1121968,63.18322096300108,55.703125,878,0.1353615,191365120,161845248,aa1c0ecf1a0e8846421ebff91ac19ffc1645724d4309a38c568edbf23273ce90,7819351f2340c87b6f6fc959aa1474f27bb5356f3f5d59d400936965c45563d4,"UPPAAL 5.0.0 (rev. 714BA9DB36F49691), June 2023",877fa69a29e1732db2b4047eebdd99591b185c77
uav-p4-76-campaign-002-066-r2-n3-u0-queue-full,2,3,u0-queue-full,timeout,,62.124443,63.20059061599932,54.40625,874,0.13160409999999997,191266816,161611776,aa1c0ecf1a0e8846421ebff91ac19ffc1645724d4309a38c568edbf23273ce90,3818bec4871dc7de0d63514ca87ad26065f0abecee33e8cb6f45d999ddd09e55,"UPPAAL 5.0.0 (rev. 714BA9DB36F49691), June 2023",877fa69a29e1732db2b4047eebdd99591b185c77
uav-p4-76-campaign-002-069-r2-n4-shared-capacity,2,4,shared-capacity,timeout,,62.078522799999995,64.43763322999985,53.171875,862,0.1920612,219029504,183369728,e8a4cdb0a4ea795ca2c90a0dfdee8cff7b9fbc3093369fa8141d61750a28033a,fefa5071ccc30359c590cb4c167064c33a81b89a86cedd5e8b7af27a44ee9795,"UPPAAL 5.0.0 (rev. 714BA9DB36F49691), June 2023",877fa69a29e1732db2b4047eebdd99591b185c77
uav-p4-76-campaign-002-070-r2-n4-u0-service,2,4,u0-service,timeout,,62.1025887,63.165929532999144,56.40625,874,0.15128280000000416,219328512,183726080,e8a4cdb0a4ea795ca2c90a0dfdee8cff7b9fbc3093369fa8141d61750a28033a,5aeca4a4152577404ee725b1b2c2c697bdb02803c291742ce01c73b9a0d6c789,"UPPAAL 5.0.0 (rev. 714BA9DB36F49691), June 2023",877fa69a29e1732db2b4047eebdd99591b185c77
uav-p4-76-campaign-002-071-r2-n4-u1-service,2,4,u1-service,timeout,,62.083339099999996,63.20569502199942,53.484375,878,0.14362310000000633,218845184,183410688,e8a4cdb0a4ea795ca2c90a0dfdee8cff7b9fbc3093369fa8141d61750a28033a,2a298fb175728e04657e2f3a08a8b6d08cfdc59f13f34de49df8e537d25c7fdd,"UPPAAL 5.0.0 (rev. 714BA9DB36F49691), June 2023",877fa69a29e1732db2b4047eebdd99591b185c77
uav-p4-76-campaign-002-072-r2-n4-u2-service,2,4,u2-service,timeout,,62.1002539,63.104414777000784,58.84375,879,0.19994159999999894,219852800,184872960,e8a4cdb0a4ea795ca2c90a0dfdee8cff7b9fbc3093369fa8141d61750a28033a,e840ed6d42baa248dd7895afcba51f5bfbfec6c13846b2177441a4e4628a01d1,"UPPAAL 5.0.0 (rev. 714BA9DB36F49691), June 2023",877fa69a29e1732db2b4047eebdd99591b185c77
uav-p4-76-campaign-002-073-r2-n4-u3-service,2,4,u3-service,timeout,,62.110269699999996,63.272937617000935,55.484375,867,0.1832944999999988,219291648,183496704,e8a4cdb0a4ea795ca2c90a0dfdee8cff7b9fbc3093369fa8141d61750a28033a,4cc61a783e99dc1baedefaa495179adb9b3bbb3a4b063dad52146272a8091c01,"UPPAAL 5.0.0 (rev. 714BA9DB36F49691), June 2023",877fa69a29e1732db2b4047eebdd99591b185c77
uav-p4-76-campaign-002-074-r2-n4-joint-backlog,2,4,joint-backlog,timeout,,62.0991157,63.12602811900069,48.34375,833,0.22747509999999949,215900160,180879360,e8a4cdb0a4ea795ca2c90a0dfdee8cff7b9fbc3093369fa8141d61750a28033a,4136909666b2c6e1b62ee8573168e37a8af8af070ca667ec25d0ace43654111b,"UPPAAL 5.0.0 (rev. 714BA9DB36F49691), June 2023",877fa69a29e1732db2b4047eebdd99591b185c77
uav-p4-76-campaign-002-075-r2-n4-u0-queue-safety,2,4,u0-queue-safety,timeout,,62.071976199999995,63.30601814199872,49.40625,835,0.20748660000000285,216502272,181354496,e8a4cdb0a4ea795ca2c90a0dfdee8cff7b9fbc3093369fa8141d61750a28033a,48989eef927665697ce2687c5eccfcd99da2a9e46b97640003421fd620ca3291,"UPPAAL 5.0.0 (rev. 714BA9DB36F49691), June 2023",877fa69a29e1732db2b4047eebdd99591b185c77
uav-p4-76-campaign-002-076-r2-n4-family-queue-safety,2,4,family-queue-safety,timeout,,62.1072096,63.23316019199956,52.96875,867,0.1627462,219463680,183648256,e8a4cdb0a4ea795ca2c90a0dfdee8cff7b9fbc3093369fa8141d61750a28033a,1597d414e16dc56a9b062576dcf9445a43310e9d4a469f6dd4e28d5dd3588070,"UPPAAL 5.0.0 (rev. 714BA9DB36F49691), June 2023",877fa69a29e1732db2b4047eebdd99591b185c77
uav-p4-76-campaign-002-077-r2-n4-u0-queue-full,2,4,u0-queue-full,timeout,,62.1028154,63.20392839699889,53.59375,859,0.1844255999999973,218525696,182845440,e8a4cdb0a4ea795ca2c90a0dfdee8cff7b9fbc3093369fa8141d61750a28033a,3818bec4871dc7de0d63514ca87ad26065f0abecee33e8cb6f45d999ddd09e55,"UPPAAL 5.0.0 (rev. 714BA9DB36F49691), June 2023",877fa69a29e1732db2b4047eebdd99591b185c77
uav-p4-76-campaign-002-081-r3-n1-shared-capacity,3,1,shared-capacity,timeout,,62.1322384,63.69909133600049,54.234375,873,0.16236479999999998,207712256,176738304,5234cb087e5274798926d516dedc77d1f9542ea7df59cec39f83859771ce1385,91a397f4dfa84865086e4eb1dfc9fb3a6d2e5fa9fb3c8af3c07060c07df86513,"UPPAAL 5.0.0 (rev. 714BA9DB36F49691), June 2023",877fa69a29e1732db2b4047eebdd99591b185c77
uav-p4-76-campaign-002-082-r3-n1-u0-service,3,1,u0-service,timeout,,62.073955899999994,63.26232375499967,55.28125,875,0.16303800000000024,212090880,181383168,5234cb087e5274798926d516dedc77d1f9542ea7df59cec39f83859771ce1385,5aeca4a4152577404ee725b1b2c2c697bdb02803c291742ce01c73b9a0d6c789,"UPPAAL 5.0.0 (rev. 714BA9DB36F49691), June 2023",877fa69a29e1732db2b4047eebdd99591b185c77
uav-p4-76-campaign-002-083-r3-n1-joint-backlog,3,1,joint-backlog,success,satisfied,2.7920825,3.925363197000479,2.125,36,0.1746316,76742656,47984640,5234cb087e5274798926d516dedc77d1f9542ea7df59cec39f83859771ce1385,706bd493fef18a2de31be212156825af913ef21adde7d15cda47dc1bc1825afe,"UPPAAL 5.0.0 (rev. 714BA9DB36F49691), June 2023",877fa69a29e1732db2b4047eebdd99591b185c77
uav-p4-76-campaign-002-084-r3-n1-u0-queue-safety,3,1,u0-queue-safety,success,violated,12.7388912,13.897203332999197,8.953125,182,0.1621367,112648192,84824064,5234cb087e5274798926d516dedc77d1f9542ea7df59cec39f83859771ce1385,48989eef927665697ce2687c5eccfcd99da2a9e46b97640003421fd620ca3291,"UPPAAL 5.0.0 (rev. 714BA9DB36F49691), June 2023",877fa69a29e1732db2b4047eebdd99591b185c77
uav-p4-76-campaign-002-085-r3-n1-family-queue-safety,3,1,family-queue-safety,success,violated,13.1977209,14.327483975999712,8.6875,185,0.1779022999999995,112570368,84594688,5234cb087e5274798926d516dedc77d1f9542ea7df59cec39f83859771ce1385,c820090fc19ffc80284d62194b40f62396cdeedc10fc1db0d853f4293b64656e,"UPPAAL 5.0.0 (rev. 714BA9DB36F49691), June 2023",877fa69a29e1732db2b4047eebdd99591b185c77
uav-p4-76-campaign-002-086-r3-n1-u0-queue-full,3,1,u0-queue-full,success,satisfied,14.383358399999999,15.57771351699921,8.6875,192,0.13676380000000002,105545728,77545472,5234cb087e5274798926d516dedc77d1f9542ea7df59cec39f83859771ce1385,3818bec4871dc7de0d63514ca87ad26065f0abecee33e8cb6f45d999ddd09e55,"UPPAAL 5.0.0 (rev. 714BA9DB36F49691), June 2023",877fa69a29e1732db2b4047eebdd99591b185c77
uav-p4-76-campaign-002-089-r3-n2-shared-capacity,3,2,shared-capacity,timeout,,62.138279399999995,63.95383544099968,45.421875,810,0.29645199999999505,139710464,110084096,e7ac599140b7beeb94acdf0e3535a727c2eccc40aa15314afa3371eb09700208,24520a4484b9f6107ac75786247cfc9116d0e418ff2ce327416f5e8f03d9e3ae,"UPPAAL 5.0.0 (rev. 714BA9DB36F49691), June 2023",877fa69a29e1732db2b4047eebdd99591b185c77
uav-p4-76-campaign-002-090-r3-n2-u0-service,3,2,u0-service,timeout,,62.1694113,64.0207297149991,44.640625,829,0.24705529999999998,139354112,109817856,e7ac599140b7beeb94acdf0e3535a727c2eccc40aa15314afa3371eb09700208,5aeca4a4152577404ee725b1b2c2c697bdb02803c291742ce01c73b9a0d6c789,"UPPAAL 5.0.0 (rev. 714BA9DB36F49691), June 2023",877fa69a29e1732db2b4047eebdd99591b185c77
uav-p4-76-campaign-002-091-r3-n2-u1-service,3,2,u1-service,timeout,,62.1125848,64.55893104999996,39.453125,798,0.2455849,136581120,106692608,e7ac599140b7beeb94acdf0e3535a727c2eccc40aa15314afa3371eb09700208,2a298fb175728e04657e2f3a08a8b6d08cfdc59f13f34de49df8e537d25c7fdd,"UPPAAL 5.0.0 (rev. 714BA9DB36F49691), June 2023",877fa69a29e1732db2b4047eebdd99591b185c77
uav-p4-76-campaign-002-092-r3-n2-joint-backlog,3,2,joint-backlog,success,satisfied,18.8037164,20.67069680000168,12.359375,243,0.5356934999999998,111112192,80924672,e7ac599140b7beeb94acdf0e3535a727c2eccc40aa15314afa3371eb09700208,eef1fd0aa322d66e7142f4a04573aadb213b02b62eb0a5d3630572a0b98d5cfc,"UPPAAL 5.0.0 (rev. 714BA9DB36F49691), June 2023",877fa69a29e1732db2b4047eebdd99591b185c77
uav-p4-76-campaign-002-093-r3-n2-u0-queue-safety,3,2,u0-queue-safety,timeout,,62.1122138,64.19171045800067,40.96875,809,0.3878433000000001,137740288,108228608,e7ac599140b7beeb94acdf0e3535a727c2eccc40aa15314afa3371eb09700208,48989eef927665697ce2687c5eccfcd99da2a9e46b97640003421fd620ca3291,"UPPAAL 5.0.0 (rev. 714BA9DB36F49691), June 2023",877fa69a29e1732db2b4047eebdd99591b185c77
uav-p4-76-campaign-002-094-r3-n2-family-queue-safety,3,2,family-queue-safety,timeout,,62.113461099999995,63.19493001199953,39.578125,801,0.1971462000000006,136761344,106799104,e7ac599140b7beeb94acdf0e3535a727c2eccc40aa15314afa3371eb09700208,6356fe1780c9a2a4138dd65b566bcccfa79da6531e6c956f9fe4d296bbc31521,"UPPAAL 5.0.0 (rev. 714BA9DB36F49691), June 2023",877fa69a29e1732db2b4047eebdd99591b185c77
uav-p4-76-campaign-002-095-r3-n2-u0-queue-full,3,2,u0-queue-full,timeout,,62.094264599999995,63.27867749899997,45.859375,837,0.13606199999999902,141897728,112246784,e7ac599140b7beeb94acdf0e3535a727c2eccc40aa15314afa3371eb09700208,3818bec4871dc7de0d63514ca87ad26065f0abecee33e8cb6f45d999ddd09e55,"UPPAAL 5.0.0 (rev. 714BA9DB36F49691), June 2023",877fa69a29e1732db2b4047eebdd99591b185c77
uav-p4-76-campaign-002-098-r3-n3-shared-capacity,3,3,shared-capacity,timeout,,62.088617199999995,63.897633294000116,45.34375,804,0.4727438,186105856,155885568,aa1c0ecf1a0e8846421ebff91ac19ffc1645724d4309a38c568edbf23273ce90,29044e405dcf9a80e1b4ae98861904fac458bb40a5d8a645254c95b34503da49,"UPPAAL 5.0.0 (rev. 714BA9DB36F49691), June 2023",877fa69a29e1732db2b4047eebdd99591b185c77
uav-p4-76-campaign-002-099-r3-n3-u0-service,3,3,u0-service,timeout,,62.087446199999995,63.13042818899885,55.609375,874,0.13987580000000577,191455232,161968128,aa1c0ecf1a0e8846421ebff91ac19ffc1645724d4309a38c568edbf23273ce90,5aeca4a4152577404ee725b1b2c2c697bdb02803c291742ce01c73b9a0d6c789,"UPPAAL 5.0.0 (rev. 714BA9DB36F49691), June 2023",877fa69a29e1732db2b4047eebdd99591b185c77
uav-p4-76-campaign-002-100-r3-n3-u1-service,3,3,u1-service,timeout,,62.136367799999995,63.53129719900062,45.578125,814,0.43650860000000336,186023936,155922432,aa1c0ecf1a0e8846421ebff91ac19ffc1645724d4309a38c568edbf23273ce90,2a298fb175728e04657e2f3a08a8b6d08cfdc59f13f34de49df8e537d25c7fdd,"UPPAAL 5.0.0 (rev. 714BA9DB36F49691), June 2023",877fa69a29e1732db2b4047eebdd99591b185c77
uav-p4-76-campaign-002-101-r3-n3-u2-service,3,3,u2-service,timeout,,62.1367584,64.01142257099855,46.734375,808,0.374557900000001,186716160,156643328,aa1c0ecf1a0e8846421ebff91ac19ffc1645724d4309a38c568edbf23273ce90,e840ed6d42baa248dd7895afcba51f5bfbfec6c13846b2177441a4e4628a01d1,"UPPAAL 5.0.0 (rev. 714BA9DB36F49691), June 2023",877fa69a29e1732db2b4047eebdd99591b185c77
uav-p4-76-campaign-002-102-r3-n3-joint-backlog,3,3,joint-backlog,success,satisfied,43.503478,44.96408407099989,31.578125,602,0.3563206000000001,165683200,135692288,aa1c0ecf1a0e8846421ebff91ac19ffc1645724d4309a38c568edbf23273ce90,08c11b52543f7ce4217ecdddaa73b5a7b30bee3c702aaf9977f976c81781704d,"UPPAAL 5.0.0 (rev. 714BA9DB36F49691), June 2023",877fa69a29e1732db2b4047eebdd99591b185c77
uav-p4-76-campaign-002-103-r3-n3-u0-queue-safety,3,3,u0-queue-safety,timeout,,62.2845966,63.66728008800055,48.109375,847,0.2357388,188780544,159514624,aa1c0ecf1a0e8846421ebff91ac19ffc1645724d4309a38c568edbf23273ce90,48989eef927665697ce2687c5eccfcd99da2a9e46b97640003421fd620ca3291,"UPPAAL 5.0.0 (rev. 714BA9DB36F49691), June 2023",877fa69a29e1732db2b4047eebdd99591b185c77
uav-p4-76-campaign-002-104-r3-n3-family-queue-safety,3,3,family-queue-safety,timeout,,62.101942599999994,63.58731456100031,40.53125,794,0.23977530000000158,179937280,150245376,aa1c0ecf1a0e8846421ebff91ac19ffc1645724d4309a38c568edbf23273ce90,7819351f2340c87b6f6fc959aa1474f27bb5356f3f5d59d400936965c45563d4,"UPPAAL 5.0.0 (rev. 714BA9DB36F49691), June 2023",877fa69a29e1732db2b4047eebdd99591b185c77
uav-p4-76-campaign-002-105-r3-n3-u0-queue-full,3,3,u0-queue-full,timeout,,62.1054603,63.43545298600111,46.921875,841,0.1740206999999998,188252160,158670848,aa1c0ecf1a0e8846421ebff91ac19ffc1645724d4309a38c568edbf23273ce90,3818bec4871dc7de0d63514ca87ad26065f0abecee33e8cb6f45d999ddd09e55,"UPPAAL 5.0.0 (rev. 714BA9DB36F49691), June 2023",877fa69a29e1732db2b4047eebdd99591b185c77
uav-p4-76-campaign-002-108-r3-n4-shared-capacity,3,4,shared-capacity,timeout,,62.1115673,63.273497152000346,51.921875,873,0.1478722999999995,219037696,183324672,e8a4cdb0a4ea795ca2c90a0dfdee8cff7b9fbc3093369fa8141d61750a28033a,fefa5071ccc30359c590cb4c167064c33a81b89a86cedd5e8b7af27a44ee9795,"UPPAAL 5.0.0 (rev. 714BA9DB36F49691), June 2023",877fa69a29e1732db2b4047eebdd99591b185c77
uav-p4-76-campaign-002-109-r3-n4-u0-service,3,4,u0-service,timeout,,62.083837499999994,63.284475926000596,54.453125,867,0.15135529999999875,219193344,183500800,e8a4cdb0a4ea795ca2c90a0dfdee8cff7b9fbc3093369fa8141d61750a28033a,5aeca4a4152577404ee725b1b2c2c697bdb02803c291742ce01c73b9a0d6c789,"UPPAAL 5.0.0 (rev. 714BA9DB36F49691), June 2023",877fa69a29e1732db2b4047eebdd99591b185c77
uav-p4-76-campaign-002-110-r3-n4-u1-service,3,4,u1-service,timeout,,62.0773788,63.20373702800134,55.046875,869,0.1251193,218882048,183332864,e8a4cdb0a4ea795ca2c90a0dfdee8cff7b9fbc3093369fa8141d61750a28033a,2a298fb175728e04657e2f3a08a8b6d08cfdc59f13f34de49df8e537d25c7fdd,"UPPAAL 5.0.0 (rev. 714BA9DB36F49691), June 2023",877fa69a29e1732db2b4047eebdd99591b185c77
uav-p4-76-campaign-002-111-r3-n4-u2-service,3,4,u2-service,timeout,,62.076954799999996,63.2435678210004,53,873,0.1712630999999991,218767360,183025664,e8a4cdb0a4ea795ca2c90a0dfdee8cff7b9fbc3093369fa8141d61750a28033a,e840ed6d42baa248dd7895afcba51f5bfbfec6c13846b2177441a4e4628a01d1,"UPPAAL 5.0.0 (rev. 714BA9DB36F49691), June 2023",877fa69a29e1732db2b4047eebdd99591b185c77
uav-p4-76-campaign-002-112-r3-n4-u3-service,3,4,u3-service,timeout,,62.074187699999996,63.2432877680003,58.171875,875,0.1454545,219623424,177614848,e8a4cdb0a4ea795ca2c90a0dfdee8cff7b9fbc3093369fa8141d61750a28033a,4cc61a783e99dc1baedefaa495179adb9b3bbb3a4b063dad52146272a8091c01,"UPPAAL 5.0.0 (rev. 714BA9DB36F49691), June 2023",877fa69a29e1732db2b4047eebdd99591b185c77
uav-p4-76-campaign-002-113-r3-n4-joint-backlog,3,4,joint-backlog,timeout,,62.1043198,63.38819689699994,59.484375,886,0.1298006,220246016,185044992,e8a4cdb0a4ea795ca2c90a0dfdee8cff7b9fbc3093369fa8141d61750a28033a,4136909666b2c6e1b62ee8573168e37a8af8af070ca667ec25d0ace43654111b,"UPPAAL 5.0.0 (rev. 714BA9DB36F49691), June 2023",877fa69a29e1732db2b4047eebdd99591b185c77
uav-p4-76-campaign-002-114-r3-n4-u0-queue-safety,3,4,u0-queue-safety,timeout,,62.1042181,63.09291509200011,58.28125,881,0.14527919999999997,219893760,184606720,e8a4cdb0a4ea795ca2c90a0dfdee8cff7b9fbc3093369fa8141d61750a28033a,48989eef927665697ce2687c5eccfcd99da2a9e46b97640003421fd620ca3291,"UPPAAL 5.0.0 (rev. 714BA9DB36F49691), June 2023",877fa69a29e1732db2b4047eebdd99591b185c77
uav-p4-76-campaign-002-115-r3-n4-family-queue-safety,3,4,family-queue-safety,timeout,,62.0905858,63.116242157999295,58.078125,880,0.15288859999999999,219754496,184700928,e8a4cdb0a4ea795ca2c90a0dfdee8cff7b9fbc3093369fa8141d61750a28033a,1597d414e16dc56a9b062576dcf9445a43310e9d4a469f6dd4e28d5dd3588070,"UPPAAL 5.0.0 (rev. 714BA9DB36F49691), June 2023",877fa69a29e1732db2b4047eebdd99591b185c77
uav-p4-76-campaign-002-116-r3-n4-u0-queue-full,3,4,u0-queue-full,timeout,,62.092290399999996,63.09673437099991,59.109375,882,0.17133189999999843,220471296,185421824,e8a4cdb0a4ea795ca2c90a0dfdee8cff7b9fbc3093369fa8141d61750a28033a,3818bec4871dc7de0d63514ca87ad26065f0abecee33e8cb6f45d999ddd09e55,"UPPAAL 5.0.0 (rev. 714BA9DB36F49691), June 2023",877fa69a29e1732db2b4047eebdd99591b185c77
