elapsed_seconds,pid,private_bytes,working_set_bytes,peak_working_set_bytes,tree_sample_bytes,cpu_seconds
0.17700939999999998,20032,6565888,11485184,11489280,369999872,0.015625
0.1799664,16944,358510592,38813696,38817792,369999872,0.125
0.4132201,14880,1978368,7557120,7561216,398630912,0.015625
0.4132481,20032,6565888,11485184,11489280,398630912,0.015625
0.4132585,16944,368193536,54104064,54108160,398630912,0.421875
0.41326769999999996,16732,6569984,11382784,11386880,398630912,0.015625
0.64387759999999994,14880,2174976,8294400,8364032,403812352,0.03125
0.6439128,20032,6565888,11485184,11489280,403812352,0.015625
0.64393309999999992,16944,372572160,66789376,66793472,403812352,1.03125
0.6439474,16732,6569984,11382784,11386880,403812352,0.015625
