step,time_or_clock_constraint,automata_or_layers,transition_or_channel,state_changes,meaning,machine_reference
1,"#time in [1,1]",u0_boundary_E_SERVICE_0; u0_app_Req_0,u0_boundary_E_SERVICE_0: Demand->DemandCheck [u0_app_new_demand!]; u0_app_Req_0: ServiceIdle->RequestBuild [u0_app_new_demand?],; u0_app_Req_0: ServiceIdle->RequestBuild; ; u0_boundary_E_SERVICE_0: Demand->DemandCheck,The only demand creates a strict safety-critical UAV sensing request.,runs/replay001/steps.jsonl.gz: state_index=1
2,"#time in [1,1]",u0_boundary_E_SERVICE_0,u0_boundary_E_SERVICE_0: DemandCheck->Run [internal],; u0_boundary_E_SERVICE_0: DemandCheck->Run,Reachable prefix transition; see full machine state and model-map.json.,runs/replay001/steps.jsonl.gz: state_index=2
3,"#time in [1,1]",u0_app_Req_0,u0_app_Req_0: RequestBuild->RequestReady [internal],; u0_app_Req_0: RequestBuild->RequestReady,Reachable prefix transition; see full machine state and model-map.json.,runs/replay001/steps.jsonl.gz: state_index=3
4,"#time in [1,1]",u0_app_Req_0; u0_boundary_B_ADMISSION_0,u0_app_Req_0: RequestReady->RequestPending [u0_app_service_request!]; u0_boundary_B_ADMISSION_0: Idle->StageRequest [u0_app_service_request?],u0_app_service_request_pending: 0->1; u0_app_Req_0: RequestReady->RequestPending; ; u0_boundary_B_ADMISSION_0: Idle->StageRequest,APP request sent; APP admission clock resets. Single service-context correlation begins.,runs/replay001/steps.jsonl.gz: state_index=4
5,"#time in [1,1]",u0_boundary_B_ADMISSION_0,u0_boundary_B_ADMISSION_0: StageRequest->OfferRequest [internal],; u0_boundary_B_ADMISSION_0: StageRequest->OfferRequest,Reachable prefix transition; see full machine state and model-map.json.,runs/replay001/steps.jsonl.gz: state_index=5
6,"#time in [1,1]",u0_boundary_B_ADMISSION_0; u0_sdn_A_POLICY_0,u0_boundary_B_ADMISSION_0: OfferRequest->AwaitOutcome [u0_bus_admit_request!]; u0_sdn_A_POLICY_0: PolicyIdle->Evaluate [u0_bus_admit_request?],; u0_sdn_A_POLICY_0: PolicyIdle->Evaluate; ; u0_boundary_B_ADMISSION_0: OfferRequest->AwaitOutcome,Captured request forwarded to SDN Evaluate; decision clock resets.,runs/replay001/steps.jsonl.gz: state_index=6
7,"#time in [1,1]",u0_boundary_B_KPI_0,u0_boundary_B_KPI_0: Expired->Expired [internal],,Reachable prefix transition; see full machine state and model-map.json.,runs/replay001/steps.jsonl.gz: state_index=7
8,"#time in [1,2]",u0_boundary_B_KPI_0,u0_boundary_B_KPI_0: Expired->Expired [internal],,Reachable prefix transition; see full machine state and model-map.json.,runs/replay001/steps.jsonl.gz: state_index=8
9,"#time in [2,2]",u0_boundary_B_KPI_0,u0_boundary_B_KPI_0: Expired->Expired [internal],,Reachable prefix transition; see full machine state and model-map.json.,runs/replay001/steps.jsonl.gz: state_index=9
10,"#time in [2,3]",u0_boundary_B_KPI_0,u0_boundary_B_KPI_0: Expired->Expired [internal],,Reachable prefix transition; see full machine state and model-map.json.,runs/replay001/steps.jsonl.gz: state_index=10
11,"#time in [3,3]",u0_boundary_B_KPI_0,u0_boundary_B_KPI_0: Expired->Expired [internal],,Reachable prefix transition; see full machine state and model-map.json.,runs/replay001/steps.jsonl.gz: state_index=11
12,"#time in [3,4]",u0_boundary_B_KPI_0,u0_boundary_B_KPI_0: Expired->Expired [internal],,Reachable prefix transition; see full machine state and model-map.json.,runs/replay001/steps.jsonl.gz: state_index=12
13,"#time in [4,4]",u0_boundary_B_KPI_0,u0_boundary_B_KPI_0: Expired->Expired [internal],,Reachable prefix transition; see full machine state and model-map.json.,runs/replay001/steps.jsonl.gz: state_index=13
14,"#time in [4,5]",u0_boundary_B_KPI_0,u0_boundary_B_KPI_0: Expired->Expired [internal],,Reachable prefix transition; see full machine state and model-map.json.,runs/replay001/steps.jsonl.gz: state_index=14
15,"#time in [5,5]",shared_load,shared_load: Wait->Sample_1 [internal],; shared_load: Wait->Sample_1,SharedLoad chooses one queue arrival before its optional service epoch.,runs/replay001/steps.jsonl.gz: state_index=15
16,"#time in [5,5]",shared_load,shared_load: Sample_1->Publish_0 [internal],; shared_load: Sample_1->Publish_0,Reachable prefix transition; see full machine state and model-map.json.,runs/replay001/steps.jsonl.gz: state_index=16
17,"#time in [5,5]",shared_load; u0_boundary_B_KPI_0,shared_load: Publish_0->Offer_0 [u0_bus_new_mac_sample!]; u0_boundary_B_KPI_0: Expired->Expired [u0_bus_new_mac_sample?],; shared_load: Publish_0->Offer_0,Reachable prefix transition; see full machine state and model-map.json.,runs/replay001/steps.jsonl.gz: state_index=17
18,"#time in [5,5]",shared_load; u0_mac_A_SCH_0,shared_load: Offer_0->Wait [u0_mac_mac_tick!]; u0_mac_A_SCH_0: Idle->CollectKPI [u0_mac_mac_tick?],; u0_mac_A_SCH_0: Idle->CollectKPI; ; shared_load: Offer_0->Wait,MAC tick starts KPI collection.,runs/replay001/steps.jsonl.gz: state_index=18
19,"#time in [5,5]",u0_boundary_E_PHY_INPUT_0,u0_boundary_E_PHY_INPUT_0: Wait->Sample0 [internal],; u0_boundary_E_PHY_INPUT_0: Wait->Sample0,Reachable prefix transition; see full machine state and model-map.json.,runs/replay001/steps.jsonl.gz: state_index=19
20,"#time in [5,5]",u0_boundary_E_PHY_INPUT_0,u0_boundary_E_PHY_INPUT_0: Sample0->Sample1 [internal],; u0_boundary_E_PHY_INPUT_0: Sample0->Sample1,Reachable prefix transition; see full machine state and model-map.json.,runs/replay001/steps.jsonl.gz: state_index=20
21,"#time in [5,5]",u0_boundary_E_PHY_INPUT_0,u0_boundary_E_PHY_INPUT_0: Sample1->Sample2 [internal],; u0_boundary_E_PHY_INPUT_0: Sample1->Sample2,Reachable prefix transition; see full machine state and model-map.json.,runs/replay001/steps.jsonl.gz: state_index=21
22,"#time in [5,5]",u0_boundary_E_PHY_INPUT_0,u0_boundary_E_PHY_INPUT_0: Sample2->Sample3 [internal],; u0_boundary_E_PHY_INPUT_0: Sample2->Sample3,Reachable prefix transition; see full machine state and model-map.json.,runs/replay001/steps.jsonl.gz: state_index=22
23,"#time in [5,5]",u0_boundary_E_PHY_INPUT_0,u0_boundary_E_PHY_INPUT_0: Sample3->Sample4 [internal],; u0_boundary_E_PHY_INPUT_0: Sample3->Sample4,Reachable prefix transition; see full machine state and model-map.json.,runs/replay001/steps.jsonl.gz: state_index=23
24,"#time in [5,5]",u0_boundary_E_PHY_INPUT_0,u0_boundary_E_PHY_INPUT_0: Sample4->Sample5 [internal],; u0_boundary_E_PHY_INPUT_0: Sample4->Sample5,Reachable prefix transition; see full machine state and model-map.json.,runs/replay001/steps.jsonl.gz: state_index=24
25,"#time in [5,5]",u0_boundary_E_PHY_INPUT_0,u0_boundary_E_PHY_INPUT_0: Sample5->Sample6 [internal],; u0_boundary_E_PHY_INPUT_0: Sample5->Sample6,Reachable prefix transition; see full machine state and model-map.json.,runs/replay001/steps.jsonl.gz: state_index=25
26,"#time in [5,5]",u0_boundary_E_PHY_INPUT_0,u0_boundary_E_PHY_INPUT_0: Sample6->Sample7 [internal],; u0_boundary_E_PHY_INPUT_0: Sample6->Sample7,Reachable prefix transition; see full machine state and model-map.json.,runs/replay001/steps.jsonl.gz: state_index=26
27,"#time in [5,5]",u0_boundary_E_PHY_INPUT_0,u0_boundary_E_PHY_INPUT_0: Sample7->Sample8 [internal],; u0_boundary_E_PHY_INPUT_0: Sample7->Sample8,Reachable prefix transition; see full machine state and model-map.json.,runs/replay001/steps.jsonl.gz: state_index=27
28,"#time in [5,5]",u0_boundary_E_PHY_INPUT_0,u0_boundary_E_PHY_INPUT_0: Sample8->Sample9 [internal],; u0_boundary_E_PHY_INPUT_0: Sample8->Sample9,Reachable prefix transition; see full machine state and model-map.json.,runs/replay001/steps.jsonl.gz: state_index=28
29,"#time in [5,5]",u0_boundary_E_PHY_INPUT_0,u0_boundary_E_PHY_INPUT_0: Sample9->Sample10 [internal],; u0_boundary_E_PHY_INPUT_0: Sample9->Sample10,Reachable prefix transition; see full machine state and model-map.json.,runs/replay001/steps.jsonl.gz: state_index=29
30,"#time in [5,5]",u0_boundary_E_PHY_INPUT_0,u0_boundary_E_PHY_INPUT_0: Sample10->Sample11 [internal],; u0_boundary_E_PHY_INPUT_0: Sample10->Sample11,Reachable prefix transition; see full machine state and model-map.json.,runs/replay001/steps.jsonl.gz: state_index=30
31,"#time in [5,5]",u0_boundary_E_PHY_INPUT_0,u0_boundary_E_PHY_INPUT_0: Sample11->Sample12 [internal],; u0_boundary_E_PHY_INPUT_0: Sample11->Sample12,Reachable prefix transition; see full machine state and model-map.json.,runs/replay001/steps.jsonl.gz: state_index=31
32,"#time in [5,5]",u0_boundary_E_PHY_INPUT_0,u0_boundary_E_PHY_INPUT_0: Sample12->Sample13 [internal],; u0_boundary_E_PHY_INPUT_0: Sample12->Sample13,Reachable prefix transition; see full machine state and model-map.json.,runs/replay001/steps.jsonl.gz: state_index=32
33,"#time in [5,5]",u0_boundary_E_PHY_INPUT_0,u0_boundary_E_PHY_INPUT_0: Sample13->Sample14 [internal],; u0_boundary_E_PHY_INPUT_0: Sample13->Sample14,Reachable prefix transition; see full machine state and model-map.json.,runs/replay001/steps.jsonl.gz: state_index=33
34,"#time in [5,5]",u0_boundary_E_PHY_INPUT_0,u0_boundary_E_PHY_INPUT_0: Sample14->Sample15 [internal],; u0_boundary_E_PHY_INPUT_0: Sample14->Sample15,Reachable prefix transition; see full machine state and model-map.json.,runs/replay001/steps.jsonl.gz: state_index=34
35,"#time in [5,5]",u0_boundary_E_PHY_INPUT_0,u0_boundary_E_PHY_INPUT_0: Sample15->Sample16 [internal],; u0_boundary_E_PHY_INPUT_0: Sample15->Sample16,Reachable prefix transition; see full machine state and model-map.json.,runs/replay001/steps.jsonl.gz: state_index=35
36,"#time in [5,5]",u0_boundary_E_PHY_INPUT_0,u0_boundary_E_PHY_INPUT_0: Sample16->Sample17 [internal],; u0_boundary_E_PHY_INPUT_0: Sample16->Sample17,Reachable prefix transition; see full machine state and model-map.json.,runs/replay001/steps.jsonl.gz: state_index=36
37,"#time in [5,5]",u0_boundary_E_PHY_INPUT_0,u0_boundary_E_PHY_INPUT_0: Sample17->Sample18 [internal],; u0_boundary_E_PHY_INPUT_0: Sample17->Sample18,Reachable prefix transition; see full machine state and model-map.json.,runs/replay001/steps.jsonl.gz: state_index=37
38,"#time in [5,5]",u0_boundary_E_PHY_INPUT_0,u0_boundary_E_PHY_INPUT_0: Sample18->Sample19 [internal],; u0_boundary_E_PHY_INPUT_0: Sample18->Sample19,Reachable prefix transition; see full machine state and model-map.json.,runs/replay001/steps.jsonl.gz: state_index=38
39,"#time in [5,5]",u0_boundary_E_PHY_INPUT_0,u0_boundary_E_PHY_INPUT_0: Sample19->Sample20 [internal],; u0_boundary_E_PHY_INPUT_0: Sample19->Sample20,Reachable prefix transition; see full machine state and model-map.json.,runs/replay001/steps.jsonl.gz: state_index=39
40,"#time in [5,5]",u0_boundary_E_PHY_INPUT_0,u0_boundary_E_PHY_INPUT_0: Sample20->Sample21 [internal],; u0_boundary_E_PHY_INPUT_0: Sample20->Sample21,Reachable prefix transition; see full machine state and model-map.json.,runs/replay001/steps.jsonl.gz: state_index=40
41,"#time in [5,5]",u0_boundary_E_PHY_INPUT_0,u0_boundary_E_PHY_INPUT_0: Sample21->Sample22 [internal],; u0_boundary_E_PHY_INPUT_0: Sample21->Sample22,Reachable prefix transition; see full machine state and model-map.json.,runs/replay001/steps.jsonl.gz: state_index=41
42,"#time in [5,5]",u0_boundary_E_PHY_INPUT_0,u0_boundary_E_PHY_INPUT_0: Sample22->Sample23 [internal],; u0_boundary_E_PHY_INPUT_0: Sample22->Sample23,Reachable prefix transition; see full machine state and model-map.json.,runs/replay001/steps.jsonl.gz: state_index=42
43,"#time in [5,5]",u0_boundary_E_PHY_INPUT_0,u0_boundary_E_PHY_INPUT_0: Sample23->Publish [internal],u0_phy_env_scenario: 0->2; u0_phy_PdClass: 0->2; u0_boundary_E_PHY_INPUT_0: Sample23->Publish,"PHY input publishes PD_FAILED, MISS_CRITICAL and sensing-degraded scenario.",runs/replay001/steps.jsonl.gz: state_index=43
44,"#time in [5,5]",u0_boundary_E_PHY_INPUT_0; u0_boundary_B_KPI_0,u0_boundary_E_PHY_INPUT_0: Publish->Target [u0_bus_new_sample!]; u0_boundary_B_KPI_0: Expired->Fresh [u0_bus_new_sample?],; u0_boundary_E_PHY_INPUT_0: Publish->Target; ; u0_boundary_B_KPI_0: Expired->Fresh,Reachable prefix transition; see full machine state and model-map.json.,runs/replay001/steps.jsonl.gz: state_index=44
45,"#time in [5,5]",u0_boundary_E_PHY_INPUT_0; u0_phy_A_CH_0,u0_boundary_E_PHY_INPUT_0: Target->Wait [u0_phy_measure_tick!]; u0_phy_A_CH_0: ChannelNominal->MeasurePending [u0_phy_measure_tick?],; u0_phy_A_CH_0: ChannelNominal->MeasurePending; ; u0_boundary_E_PHY_INPUT_0: Target->Wait,Reachable prefix transition; see full machine state and model-map.json.,runs/replay001/steps.jsonl.gz: state_index=45
46,"#time in [5,5]",u0_phy_A_CH_0; u0_phy_A_SQ_0; u0_phy_A_PH_0,u0_phy_A_CH_0: MeasurePending->MobilityLimited [u0_phy_channel_report!]; u0_phy_A_SQ_0: Idle->SensingEvaluating [u0_phy_channel_report?]; u0_phy_A_PH_0: PHYNormal->PHYKpiReporting [u0_phy_channel_report?],; u0_phy_A_CH_0: MeasurePending->MobilityLimited; ; u0_phy_A_SQ_0: Idle->SensingEvaluating; ; u0_phy_A_PH_0: PHYNormal->PHYKpiReporting,Channel report wakes sensing evaluation and PHY aggregate.,runs/replay001/steps.jsonl.gz: state_index=46
47,"#time in [5,5]",u0_phy_A_SQ_0; u0_phy_A_PH_0,u0_phy_A_SQ_0: SensingEvaluating->FreshnessLimited [u0_phy_sensing_report!]; u0_phy_A_PH_0: PHYKpiReporting->PHYKpiReporting [u0_phy_sensing_report?],u0_phy_sensing_degraded_flag: 0->1; u0_phy_A_SQ_0: SensingEvaluating->FreshnessLimited,Sensing report sets degraded flag; highest_priority_SQ assigns SensingState=7.,runs/replay001/steps.jsonl.gz: state_index=47
48,"#time in [5,5]",u0_phy_A_PH_0; u0_boundary_B_KPI_0,u0_phy_A_PH_0: PHYKpiReporting->PHYSensingDegraded [u0_phy_phy_kpi_report!]; u0_boundary_B_KPI_0: Fresh->Fresh [u0_phy_phy_kpi_report?],; u0_phy_A_PH_0: PHYKpiReporting->PHYSensingDegraded,Aggregate publishes PHY sensing-degraded KPI to boundary.,runs/replay001/steps.jsonl.gz: state_index=48
49,"#time in [5,5]",u0_boundary_B_KPI_0,u0_boundary_B_KPI_0: Fresh->Map [internal],; u0_boundary_B_KPI_0: Fresh->Map,Reachable prefix transition; see full machine state and model-map.json.,runs/replay001/steps.jsonl.gz: state_index=49
50,"#time in [5,5]",u0_boundary_B_KPI_0,u0_boundary_B_KPI_0: Map->Mac [internal],u0_app_pdClass: 0->2; u0_app_missedDetectionClass: 0->2; u0_app_detectionFreshnessClass: 2->0; u0_app_updatePeriodClass: 2->0; u0_sdn_telemetryClass: 2->0; u0_boundary_B_KPI_0: Map->Mac,Fresh KPI maps detection/miss to APP and degradation to SDN; shared fan-out.,runs/replay001/steps.jsonl.gz: state_index=50
51,"#time in [5,5]",u0_boundary_B_KPI_0; u0_mac_A_SCH_0,u0_boundary_B_KPI_0: Mac->Sdn [u0_mac_phy_kpi_report!]; u0_mac_A_SCH_0: CollectKPI->SelectMode [u0_mac_phy_kpi_report?],u0_bus_mac_report_consumed: 0->1; u0_mac_A_SCH_0: CollectKPI->SelectMode; ; u0_boundary_B_KPI_0: Mac->Sdn,MAC consumes the PHY report and enters SelectMode.,runs/replay001/steps.jsonl.gz: state_index=51
52,"#time in [5,5]",u0_boundary_B_KPI_0; u0_sdn_A_MON_0,u0_boundary_B_KPI_0: Sdn->App [u0_sdn_phy_kpi_report!]; u0_sdn_A_MON_0: MonitorIdle->CollectReports [u0_sdn_phy_kpi_report?],; u0_sdn_A_MON_0: MonitorIdle->CollectReports; ; u0_boundary_B_KPI_0: Sdn->App,SDN monitor receives PHY notification. Pending policy evaluation reads mapped telemetry.,runs/replay001/steps.jsonl.gz: state_index=52
53,"#time in [5,5]",u0_boundary_B_KPI_0,u0_boundary_B_KPI_0: App->Notify [u0_app_service_kpi_update!],; u0_boundary_B_KPI_0: App->Notify,APP KPI broadcast occurs while request is pending; A_REQ does not receive it in RequestPending.,runs/replay001/steps.jsonl.gz: state_index=53
54,"#time in [5,5]",u0_boundary_B_KPI_0; u0_app_Sla_0,u0_boundary_B_KPI_0: Notify->MacNotice [u0_app_sla_violation!]; u0_app_Sla_0: SLAOk->SLAViolated [u0_app_sla_violation?],; u0_app_Sla_0: SLAOk->SLAViolated; ; u0_boundary_B_KPI_0: Notify->MacNotice,Violation notification moves A_SLA to SLAViolated and resets response clock.,runs/replay001/steps.jsonl.gz: state_index=54
55,"#time in [5,5]",u0_boundary_B_KPI_0; u0_phy_A_PH_0,u0_boundary_B_KPI_0: MacNotice->CtrlNotice [u0_phy_mac_report_delivered!]; u0_phy_A_PH_0: PHYSensingDegraded->PHYSensingDegraded [u0_phy_mac_report_delivered?],; u0_boundary_B_KPI_0: MacNotice->CtrlNotice,Reachable prefix transition; see full machine state and model-map.json.,runs/replay001/steps.jsonl.gz: state_index=55
56,"#time in [5,5]",u0_boundary_B_KPI_0; u0_phy_A_PH_0,u0_boundary_B_KPI_0: CtrlNotice->Return [u0_phy_controller_report_delivered!]; u0_phy_A_PH_0: PHYSensingDegraded->PHYSensingDegraded [u0_phy_controller_report_delivered?],; u0_boundary_B_KPI_0: CtrlNotice->Return,Reachable prefix transition; see full machine state and model-map.json.,runs/replay001/steps.jsonl.gz: state_index=56
57,"#time in [5,5]",u0_boundary_B_KPI_0,u0_boundary_B_KPI_0: Return->Fresh [internal],; u0_boundary_B_KPI_0: Return->Fresh,Reachable prefix transition; see full machine state and model-map.json.,runs/replay001/steps.jsonl.gz: state_index=57
58,"#time in [5,5]",u0_mac_A_SCH_0,u0_mac_A_SCH_0: SelectMode->ApplySchedule [internal],u0_mac_scheduleMode: 0->3; u0_mac_A_SCH_0: SelectMode->ApplySchedule,"MAC selects JOINT. This is a scheduler choice, not successful APP service.",runs/replay001/steps.jsonl.gz: state_index=58
59,"#time in [5,5]",u0_sdn_A_POLICY_0; u0_boundary_B_ADMISSION_0,u0_sdn_A_POLICY_0: Evaluate->SensingBoostMode [u0_sdn_service_degraded!]; u0_boundary_B_ADMISSION_0: AwaitOutcome->StageOutcome [u0_sdn_service_degraded?],u0_sdn_policyClass: 0->1; u0_bus_outcome_for_request: 0->1; u0_sdn_A_POLICY_0: Evaluate->SensingBoostMode; ; u0_boundary_B_ADMISSION_0: AwaitOutcome->StageOutcome,SDN sensing boost proposes degraded admission for the captured request.,runs/replay001/steps.jsonl.gz: state_index=59
60,"#time in [5,5]",u0_boundary_B_ADMISSION_0,u0_boundary_B_ADMISSION_0: StageOutcome->Safety [internal],u0_app_admissionClass: 0->3; u0_boundary_B_ADMISSION_0: StageOutcome->Safety,Bridge maps ADM_DEGRADED to APP with sensing-failure reason.,runs/replay001/steps.jsonl.gz: state_index=60
61,"#time in [5,5]",u0_boundary_B_ADMISSION_0,u0_boundary_B_ADMISSION_0: Safety->OfferOutcome [internal],u0_app_admissionClass: 3->2; u0_boundary_B_ADMISSION_0: Safety->OfferOutcome,Safety guard forbids degraded sensing and converts admission to rejected.,runs/replay001/steps.jsonl.gz: state_index=61
62,"#time in [5,5]",u0_boundary_B_ADMISSION_0; u0_app_Req_0,u0_boundary_B_ADMISSION_0: OfferOutcome->Done [u0_app_service_reject!]; u0_app_Req_0: RequestPending->Rejected [u0_app_service_reject?],u0_app_service_request_pending: 1->0; u0_app_Req_0: RequestPending->Rejected; ; u0_boundary_B_ADMISSION_0: OfferOutcome->Done,APP receives service_reject and clears pending; A_REQ reaches Rejected.,runs/replay001/steps.jsonl.gz: state_index=62
63,"#time in [5,5]",u0_app_Sla_0; u0_boundary_E_SERVICE_0,u0_app_Sla_0: SLAViolated->SLAReported [u0_app_sla_violation_report!]; u0_boundary_E_SERVICE_0: Run->Run [u0_app_sla_violation_report?],u0_bus_violation_recorded: 0->1; u0_app_Sla_0: SLAViolated->SLAReported,APP sends SLA violation report; environment records it. Pre-report elapsed=0 <= 3.,runs/replay001/steps.jsonl.gz: state_index=63
