state_index,edges,named_transitions,post_state_time_zone,changed_variables
1,23 0 ; 16 0 ;,u0_boundary_E_SERVICE_0:0 Demand->DemandCheck u0_app_new_demand!; u0_app_Req_0:0 ServiceIdle->RequestBuild u0_app_new_demand?,"{""lower"": {""bound"": 1, ""raw"": -1, ""strict"": false}, ""upper"": {""bound"": 1, ""raw"": 3, ""strict"": false}}","{""u0_app_accuracyBoundClass"": [0, 2], ""u0_app_coverageBoundClass"": [0, 2], ""u0_app_criticalityClass"": [0, 3], ""u0_app_demandClass"": [0, 1], ""u0_app_latencyBoundClass"": [0, 2], ""u0_app_pdMinClass"": [0, 2], ""u0_app_pfaMaxClass"": [0, 2], ""u0_app_pmissMaxClass"": [0, 2], ""u0_app_reliabilityClass"": [0, 2], ""u0_app_sensingFreshnessBoundClass"": [0, 2], ""u0_app_sensingUpdateBoundClass"": [0, 2], ""u0_app_serviceClass"": [0, 4], ""u0_bus_demand_delivered"": [0, 1]}"
2,23 1 ;,u0_boundary_E_SERVICE_0:1 DemandCheck->Run ,"{""lower"": {""bound"": 1, ""raw"": -1, ""strict"": false}, ""upper"": {""bound"": 1, ""raw"": 3, ""strict"": false}}",{}
3,16 1 ;,u0_app_Req_0:1 RequestBuild->RequestReady ,"{""lower"": {""bound"": 1, ""raw"": -1, ""strict"": false}, ""upper"": {""bound"": 1, ""raw"": 3, ""strict"": false}}",{}
4,16 2 ; 26 0 ;,u0_app_Req_0:2 RequestReady->RequestPending u0_app_service_request!; u0_boundary_B_ADMISSION_0:0 Idle->StageRequest u0_app_service_request?,"{""lower"": {""bound"": 1, ""raw"": -1, ""strict"": false}, ""upper"": {""bound"": 1, ""raw"": 3, ""strict"": false}}","{""c82_active"": [0, 1], ""c82_request_id"": [0, 1], ""u0_app_service_request_pending"": [0, 1], ""u0_app_service_request_seq"": [0, 1], ""u0_bus_request_accuracy"": [0, 2], ""u0_bus_request_coverage"": [0, 2], ""u0_bus_request_criticality"": [0, 3], ""u0_bus_request_demand"": [0, 1], ""u0_bus_request_fa"": [0, 2], ""u0_bus_request_freshness"": [0, 2], ""u0_bus_request_latency"": [0, 2], ""u0_bus_request_miss"": [0, 2], ""u0_bus_request_pd"": [0, 2], ""u0_bus_request_reliability"": [0, 2], ""u0_bus_request_service"": [0, 4], ""u0_bus_request_update"": [0, 2]}"
5,26 1 ;,u0_boundary_B_ADMISSION_0:1 StageRequest->OfferRequest ,"{""lower"": {""bound"": 1, ""raw"": -1, ""strict"": false}, ""upper"": {""bound"": 1, ""raw"": 3, ""strict"": false}}",{}
6,26 2 ; 12 0 ;,u0_boundary_B_ADMISSION_0:2 OfferRequest->AwaitOutcome u0_bus_admit_request!; u0_sdn_A_POLICY_0:0 PolicyIdle->Evaluate u0_bus_admit_request?,"{""lower"": {""bound"": 1, ""raw"": -1, ""strict"": false}, ""upper"": {""bound"": 1, ""raw"": 3, ""strict"": false}}","{""u0_sdn_service_request_pending"": [0, 1]}"
7,27 64 ;,u0_boundary_B_KPI_0:64 Expired->Expired ,"{""lower"": {""bound"": 1, ""raw"": -1, ""strict"": false}, ""upper"": {""bound"": 1, ""raw"": 3, ""strict"": false}}",{}
8,27 67 ;,u0_boundary_B_KPI_0:67 Expired->Expired ,"{""lower"": {""bound"": 1, ""raw"": -1, ""strict"": false}, ""upper"": {""bound"": 2, ""raw"": 5, ""strict"": false}}",{}
9,27 64 ;,u0_boundary_B_KPI_0:64 Expired->Expired ,"{""lower"": {""bound"": 2, ""raw"": -3, ""strict"": false}, ""upper"": {""bound"": 2, ""raw"": 5, ""strict"": false}}",{}
10,27 67 ;,u0_boundary_B_KPI_0:67 Expired->Expired ,"{""lower"": {""bound"": 2, ""raw"": -3, ""strict"": false}, ""upper"": {""bound"": 3, ""raw"": 7, ""strict"": false}}",{}
11,27 64 ;,u0_boundary_B_KPI_0:64 Expired->Expired ,"{""lower"": {""bound"": 3, ""raw"": -5, ""strict"": false}, ""upper"": {""bound"": 3, ""raw"": 7, ""strict"": false}}",{}
12,27 67 ;,u0_boundary_B_KPI_0:67 Expired->Expired ,"{""lower"": {""bound"": 3, ""raw"": -5, ""strict"": false}, ""upper"": {""bound"": 4, ""raw"": 9, ""strict"": false}}",{}
13,27 64 ;,u0_boundary_B_KPI_0:64 Expired->Expired ,"{""lower"": {""bound"": 4, ""raw"": -7, ""strict"": false}, ""upper"": {""bound"": 4, ""raw"": 9, ""strict"": false}}",{}
14,27 67 ;,u0_boundary_B_KPI_0:67 Expired->Expired ,"{""lower"": {""bound"": 4, ""raw"": -7, ""strict"": false}, ""upper"": {""bound"": 5, ""raw"": 11, ""strict"": false}}",{}
15,21 0 0 0 0 0 0 0 0 ;,shared_load:0 Wait->Sample_1 ,"{""lower"": {""bound"": 5, ""raw"": -9, ""strict"": false}, ""upper"": {""bound"": 5, ""raw"": 11, ""strict"": false}}",{}
16,21 1 -1 ;,shared_load:1 Sample_1->Publish_0 ,"{""lower"": {""bound"": 5, ""raw"": -9, ""strict"": false}, ""upper"": {""bound"": 5, ""raw"": 11, ""strict"": false}}","{""u0_bus_mac_valid"": [0, 1]}"
17,21 2 ; 27 2 ;,shared_load:2 Publish_0->Offer_0 u0_bus_new_mac_sample!; u0_boundary_B_KPI_0:2 Expired->Expired u0_bus_new_mac_sample?,"{""lower"": {""bound"": 5, ""raw"": -9, ""strict"": false}, ""upper"": {""bound"": 5, ""raw"": 11, ""strict"": false}}",{}
18,21 3 ; 5 0 ;,shared_load:3 Offer_0->Wait u0_mac_mac_tick!; u0_mac_A_SCH_0:0 Idle->CollectKPI u0_mac_mac_tick?,"{""lower"": {""bound"": 5, ""raw"": -9, ""strict"": false}, ""upper"": {""bound"": 5, ""raw"": 11, ""strict"": false}}",{}
19,20 0 ;,u0_boundary_E_PHY_INPUT_0:0 Wait->Sample0 ,"{""lower"": {""bound"": 5, ""raw"": -9, ""strict"": false}, ""upper"": {""bound"": 5, ""raw"": 11, ""strict"": false}}",{}
20,20 1 2 ;,u0_boundary_E_PHY_INPUT_0:1 Sample0->Sample1 ,"{""lower"": {""bound"": 5, ""raw"": -9, ""strict"": false}, ""upper"": {""bound"": 5, ""raw"": 11, ""strict"": false}}","{""u0_boundary_E_PHY_INPUT_0.p0"": [0, 2]}"
21,20 2 0 ;,u0_boundary_E_PHY_INPUT_0:2 Sample1->Sample2 ,"{""lower"": {""bound"": 5, ""raw"": -9, ""strict"": false}, ""upper"": {""bound"": 5, ""raw"": 11, ""strict"": false}}",{}
22,20 3 0 ;,u0_boundary_E_PHY_INPUT_0:3 Sample2->Sample3 ,"{""lower"": {""bound"": 5, ""raw"": -9, ""strict"": false}, ""upper"": {""bound"": 5, ""raw"": 11, ""strict"": false}}",{}
23,20 4 0 ;,u0_boundary_E_PHY_INPUT_0:4 Sample3->Sample4 ,"{""lower"": {""bound"": 5, ""raw"": -9, ""strict"": false}, ""upper"": {""bound"": 5, ""raw"": 11, ""strict"": false}}",{}
24,20 5 0 ;,u0_boundary_E_PHY_INPUT_0:5 Sample4->Sample5 ,"{""lower"": {""bound"": 5, ""raw"": -9, ""strict"": false}, ""upper"": {""bound"": 5, ""raw"": 11, ""strict"": false}}",{}
25,20 6 0 ;,u0_boundary_E_PHY_INPUT_0:6 Sample5->Sample6 ,"{""lower"": {""bound"": 5, ""raw"": -9, ""strict"": false}, ""upper"": {""bound"": 5, ""raw"": 11, ""strict"": false}}",{}
26,20 7 0 ;,u0_boundary_E_PHY_INPUT_0:7 Sample6->Sample7 ,"{""lower"": {""bound"": 5, ""raw"": -9, ""strict"": false}, ""upper"": {""bound"": 5, ""raw"": 11, ""strict"": false}}",{}
27,20 8 0 ;,u0_boundary_E_PHY_INPUT_0:8 Sample7->Sample8 ,"{""lower"": {""bound"": 5, ""raw"": -9, ""strict"": false}, ""upper"": {""bound"": 5, ""raw"": 11, ""strict"": false}}",{}
28,20 9 0 ;,u0_boundary_E_PHY_INPUT_0:9 Sample8->Sample9 ,"{""lower"": {""bound"": 5, ""raw"": -9, ""strict"": false}, ""upper"": {""bound"": 5, ""raw"": 11, ""strict"": false}}",{}
29,20 10 0 ;,u0_boundary_E_PHY_INPUT_0:10 Sample9->Sample10 ,"{""lower"": {""bound"": 5, ""raw"": -9, ""strict"": false}, ""upper"": {""bound"": 5, ""raw"": 11, ""strict"": false}}",{}
30,20 11 0 ;,u0_boundary_E_PHY_INPUT_0:11 Sample10->Sample11 ,"{""lower"": {""bound"": 5, ""raw"": -9, ""strict"": false}, ""upper"": {""bound"": 5, ""raw"": 11, ""strict"": false}}",{}
31,20 12 0 ;,u0_boundary_E_PHY_INPUT_0:12 Sample11->Sample12 ,"{""lower"": {""bound"": 5, ""raw"": -9, ""strict"": false}, ""upper"": {""bound"": 5, ""raw"": 11, ""strict"": false}}",{}
32,20 13 0 ;,u0_boundary_E_PHY_INPUT_0:13 Sample12->Sample13 ,"{""lower"": {""bound"": 5, ""raw"": -9, ""strict"": false}, ""upper"": {""bound"": 5, ""raw"": 11, ""strict"": false}}",{}
33,20 14 0 ;,u0_boundary_E_PHY_INPUT_0:14 Sample13->Sample14 ,"{""lower"": {""bound"": 5, ""raw"": -9, ""strict"": false}, ""upper"": {""bound"": 5, ""raw"": 11, ""strict"": false}}",{}
34,20 15 0 ;,u0_boundary_E_PHY_INPUT_0:15 Sample14->Sample15 ,"{""lower"": {""bound"": 5, ""raw"": -9, ""strict"": false}, ""upper"": {""bound"": 5, ""raw"": 11, ""strict"": false}}",{}
35,20 16 0 ;,u0_boundary_E_PHY_INPUT_0:16 Sample15->Sample16 ,"{""lower"": {""bound"": 5, ""raw"": -9, ""strict"": false}, ""upper"": {""bound"": 5, ""raw"": 11, ""strict"": false}}",{}
36,20 17 0 ;,u0_boundary_E_PHY_INPUT_0:17 Sample16->Sample17 ,"{""lower"": {""bound"": 5, ""raw"": -9, ""strict"": false}, ""upper"": {""bound"": 5, ""raw"": 11, ""strict"": false}}",{}
37,20 18 0 ;,u0_boundary_E_PHY_INPUT_0:18 Sample17->Sample18 ,"{""lower"": {""bound"": 5, ""raw"": -9, ""strict"": false}, ""upper"": {""bound"": 5, ""raw"": 11, ""strict"": false}}",{}
38,20 19 0 ;,u0_boundary_E_PHY_INPUT_0:19 Sample18->Sample19 ,"{""lower"": {""bound"": 5, ""raw"": -9, ""strict"": false}, ""upper"": {""bound"": 5, ""raw"": 11, ""strict"": false}}",{}
39,20 20 0 ;,u0_boundary_E_PHY_INPUT_0:20 Sample19->Sample20 ,"{""lower"": {""bound"": 5, ""raw"": -9, ""strict"": false}, ""upper"": {""bound"": 5, ""raw"": 11, ""strict"": false}}",{}
40,20 21 0 ;,u0_boundary_E_PHY_INPUT_0:21 Sample20->Sample21 ,"{""lower"": {""bound"": 5, ""raw"": -9, ""strict"": false}, ""upper"": {""bound"": 5, ""raw"": 11, ""strict"": false}}",{}
41,20 22 0 ;,u0_boundary_E_PHY_INPUT_0:22 Sample21->Sample22 ,"{""lower"": {""bound"": 5, ""raw"": -9, ""strict"": false}, ""upper"": {""bound"": 5, ""raw"": 11, ""strict"": false}}",{}
42,20 23 0 ;,u0_boundary_E_PHY_INPUT_0:23 Sample22->Sample23 ,"{""lower"": {""bound"": 5, ""raw"": -9, ""strict"": false}, ""upper"": {""bound"": 5, ""raw"": 11, ""strict"": false}}",{}
43,20 24 0 0 ;,u0_boundary_E_PHY_INPUT_0:24 Sample23->Publish ,"{""lower"": {""bound"": 5, ""raw"": -9, ""strict"": false}, ""upper"": {""bound"": 5, ""raw"": 11, ""strict"": false}}","{""u0_bus_phy_valid"": [0, 1], ""u0_phy_input_changed"": [0, 1]}"
44,20 26 ; 27 3 ;,u0_boundary_E_PHY_INPUT_0:26 Publish->Target u0_bus_new_sample!; u0_boundary_B_KPI_0:3 Expired->Fresh u0_bus_new_sample?,"{""lower"": {""bound"": 5, ""raw"": -9, ""strict"": false}, ""upper"": {""bound"": 5, ""raw"": 11, ""strict"": false}}","{""u0_boundary_B_KPI_0.band"": [2, 0], ""u0_boundary_E_PHY_INPUT_0.target_due"": [0, 1], ""u0_phy_target_seen"": [0, 1]}"
45,20 27 ; 0 0 ;,u0_boundary_E_PHY_INPUT_0:27 Target->Wait u0_phy_measure_tick!; u0_phy_A_CH_0:0 ChannelNominal->MeasurePending u0_phy_measure_tick?,"{""lower"": {""bound"": 5, ""raw"": -9, ""strict"": false}, ""upper"": {""bound"": 5, ""raw"": 11, ""strict"": false}}","{""u0_phy_channel_report_pending"": [0, 1]}"
46,0 15 ; 3 0 ; 4 0 ;,u0_phy_A_CH_0:15 MeasurePending->ChannelNominal u0_phy_channel_report!; u0_phy_A_SQ_0:0 Idle->SensingEvaluating u0_phy_channel_report?; u0_phy_A_PH_0:0 PHYNormal->PHYKpiReporting u0_phy_channel_report?,"{""lower"": {""bound"": 5, ""raw"": -9, ""strict"": false}, ""upper"": {""bound"": 5, ""raw"": 11, ""strict"": false}}","{""u0_phy_channel_report_pending"": [1, 0], ""u0_phy_child_update"": [0, 1], ""u0_phy_phy_kpi_report_pending"": [0, 1], ""u0_phy_sensing_report_pending"": [0, 1]}"
47,3 3 ; 4 31 ;,u0_phy_A_SQ_0:3 SensingEvaluating->SensingQoSOk u0_phy_sensing_report!; u0_phy_A_PH_0:31 PHYKpiReporting->PHYKpiReporting u0_phy_sensing_report?,"{""lower"": {""bound"": 5, ""raw"": -9, ""strict"": false}, ""upper"": {""bound"": 5, ""raw"": 11, ""strict"": false}}","{""u0_phy_sensing_report_pending"": [1, 0]}"
48,4 56 ; 27 4 ;,u0_phy_A_PH_0:56 PHYKpiReporting->PHYNormal u0_phy_phy_kpi_report!; u0_boundary_B_KPI_0:4 Fresh->Fresh u0_phy_phy_kpi_report?,"{""lower"": {""bound"": 5, ""raw"": -9, ""strict"": false}, ""upper"": {""bound"": 5, ""raw"": 11, ""strict"": false}}","{""u0_bus_phy_pending"": [0, 1], ""u0_phy_phy_kpi_report_pending"": [1, 0]}"
49,27 50 ;,u0_boundary_B_KPI_0:50 Fresh->Map ,"{""lower"": {""bound"": 5, ""raw"": -9, ""strict"": false}, ""upper"": {""bound"": 5, ""raw"": 11, ""strict"": false}}","{""u0_boundary_B_KPI_0.publishing"": [0, 1], ""u0_bus_phy_delivery_valid"": [0, 1], ""u0_bus_phy_pending"": [1, 0]}"
50,27 68 ;,u0_boundary_B_KPI_0:68 Map->Mac ,"{""lower"": {""bound"": 5, ""raw"": -9, ""strict"": false}, ""upper"": {""bound"": 5, ""raw"": 11, ""strict"": false}}","{""u0_app_detectionFreshnessClass"": [2, 0], ""u0_app_updatePeriodClass"": [2, 0], ""u0_mac_kpiFreshnessClass"": [2, 0], ""u0_sdn_telemetryClass"": [2, 0]}"
51,27 71 ; 5 1 ;,u0_boundary_B_KPI_0:71 Mac->Sdn u0_mac_phy_kpi_report!; u0_mac_A_SCH_0:1 CollectKPI->SelectMode u0_mac_phy_kpi_report?,"{""lower"": {""bound"": 5, ""raw"": -9, ""strict"": false}, ""upper"": {""bound"": 5, ""raw"": 11, ""strict"": false}}","{""u0_bus_mac_report_consumed"": [0, 1]}"
52,27 72 ; 10 1 ;,u0_boundary_B_KPI_0:72 Sdn->App u0_sdn_phy_kpi_report!; u0_sdn_A_MON_0:1 MonitorIdle->CollectReports u0_sdn_phy_kpi_report?,"{""lower"": {""bound"": 5, ""raw"": -9, ""strict"": false}, ""upper"": {""bound"": 5, ""raw"": 11, ""strict"": false}}","{""u0_bus_sdn_report_consumed"": [0, 1]}"
53,27 73 ;,u0_boundary_B_KPI_0:73 App->Notify u0_app_service_kpi_update!,"{""lower"": {""bound"": 5, ""raw"": -9, ""strict"": false}, ""upper"": {""bound"": 5, ""raw"": 11, ""strict"": false}}",{}
54,27 76 ;,u0_boundary_B_KPI_0:76 Notify->MacNotice ,"{""lower"": {""bound"": 5, ""raw"": -9, ""strict"": false}, ""upper"": {""bound"": 5, ""raw"": 11, ""strict"": false}}",{}
55,27 77 ; 4 4 ;,u0_boundary_B_KPI_0:77 MacNotice->CtrlNotice u0_phy_mac_report_delivered!; u0_phy_A_PH_0:4 PHYNormal->PHYNormal u0_phy_mac_report_delivered?,"{""lower"": {""bound"": 5, ""raw"": -9, ""strict"": false}, ""upper"": {""bound"": 5, ""raw"": 11, ""strict"": false}}",{}
56,27 80 ; 4 5 ;,u0_boundary_B_KPI_0:80 CtrlNotice->Return u0_phy_controller_report_delivered!; u0_phy_A_PH_0:5 PHYNormal->PHYNormal u0_phy_controller_report_delivered?,"{""lower"": {""bound"": 5, ""raw"": -9, ""strict"": false}, ""upper"": {""bound"": 5, ""raw"": 11, ""strict"": false}}",{}
57,27 84 ;,u0_boundary_B_KPI_0:84 Return->Fresh ,"{""lower"": {""bound"": 5, ""raw"": -9, ""strict"": false}, ""upper"": {""bound"": 5, ""raw"": 11, ""strict"": false}}","{""u0_boundary_B_KPI_0.publishing"": [1, 0]}"
58,5 4 ;,u0_mac_A_SCH_0:4 SelectMode->ApplySchedule ,"{""lower"": {""bound"": 5, ""raw"": -9, ""strict"": false}, ""upper"": {""bound"": 5, ""raw"": 11, ""strict"": false}}","{""u0_mac_phy_command_pending"": [0, 1], ""u0_mac_policy_enabled_count"": [1, 2], ""u0_mac_scheduleMode"": [0, 3]}"
59,12 6 ; 26 4 ;,u0_sdn_A_POLICY_0:6 Evaluate->CommPriorityMode u0_sdn_service_accept!; u0_boundary_B_ADMISSION_0:4 AwaitOutcome->StageOutcome u0_sdn_service_accept?,"{""lower"": {""bound"": 5, ""raw"": -9, ""strict"": false}, ""upper"": {""bound"": 5, ""raw"": 11, ""strict"": false}}","{""u0_boundary_B_ADMISSION_0.outcome"": [0, 1], ""u0_bus_outcome_for_request"": [0, 1], ""u0_sdn_command_pending"": [0, 1], ""u0_sdn_policyClass"": [0, 2], ""u0_sdn_policy_enabled_count"": [1, 2], ""u0_sdn_service_request_pending"": [1, 0]}"
60,26 20 ;,u0_boundary_B_ADMISSION_0:20 StageOutcome->Safety ,"{""lower"": {""bound"": 5, ""raw"": -9, ""strict"": false}, ""upper"": {""bound"": 5, ""raw"": 11, ""strict"": false}}","{""u0_app_admissionClass"": [0, 1], ""u0_app_degradedReason"": [0, 6]}"
61,26 21 ;,u0_boundary_B_ADMISSION_0:21 Safety->OfferOutcome ,"{""lower"": {""bound"": 5, ""raw"": -9, ""strict"": false}, ""upper"": {""bound"": 5, ""raw"": 11, ""strict"": false}}",{}
62,26 23 ; 16 3 ;,u0_boundary_B_ADMISSION_0:23 OfferOutcome->Done u0_app_service_accept!; u0_app_Req_0:3 RequestPending->Accepted u0_app_service_accept?,"{""lower"": {""bound"": 5, ""raw"": -9, ""strict"": false}, ""upper"": {""bound"": 5, ""raw"": 11, ""strict"": false}}","{""c82_admitted"": [0, 1], ""c82_admitted_id"": [0, 1], ""u0_app_service_request_pending"": [1, 0]}"
63,50 0 ;,c82_job:0 Idle->Ready ,"{""lower"": {""bound"": 5, ""raw"": -9, ""strict"": false}, ""upper"": {""bound"": 5, ""raw"": 11, ""strict"": false}}","{""c82_job_id"": [0, 1]}"
64,27 55 ;,u0_boundary_B_KPI_0:55 Fresh->Fresh ,"{""lower"": {""bound"": 5, ""raw"": -9, ""strict"": false}, ""upper"": {""bound"": 6, ""raw"": 13, ""strict"": false}}",{}
65,50 1 ; 3 24 ;,c82_job:1 Ready->Measuring c82_sense_start!; u0_phy_A_SQ_0:24 SensingQoSOk->JobMeasuring c82_sense_start?,"{""lower"": {""bound"": 5, ""raw"": -9, ""strict"": false}, ""upper"": {""bound"": 6, ""raw"": 13, ""strict"": false}}",{}
66,10 2 ;,u0_sdn_A_MON_0:2 CollectReports->TelemetryFresh ,"{""lower"": {""bound"": 5, ""raw"": -9, ""strict"": false}, ""upper"": {""bound"": 6, ""raw"": 13, ""strict"": false}}",{}
67,10 5 ;,u0_sdn_A_MON_0:5 TelemetryFresh->MonitorIdle ,"{""lower"": {""bound"": 5, ""raw"": -9, ""strict"": false}, ""upper"": {""bound"": 6, ""raw"": 13, ""strict"": false}}",{}
68,27 52 ;,u0_boundary_B_KPI_0:52 Fresh->Fresh ,"{""lower"": {""bound"": 6, ""raw"": -11, ""strict"": false}, ""upper"": {""bound"": 6, ""raw"": 13, ""strict"": false}}",{}
69,27 55 ;,u0_boundary_B_KPI_0:55 Fresh->Fresh ,"{""lower"": {""bound"": 6, ""raw"": -11, ""strict"": false}, ""upper"": {""bound"": 7, ""raw"": 15, ""strict"": false}}",{}
70,27 52 ;,u0_boundary_B_KPI_0:52 Fresh->Fresh ,"{""lower"": {""bound"": 7, ""raw"": -13, ""strict"": false}, ""upper"": {""bound"": 7, ""raw"": 15, ""strict"": false}}",{}
71,27 55 ;,u0_boundary_B_KPI_0:55 Fresh->Fresh ,"{""lower"": {""bound"": 7, ""raw"": -13, ""strict"": false}, ""upper"": {""bound"": 8, ""raw"": 17, ""strict"": false}}",{}
72,27 52 ;,u0_boundary_B_KPI_0:52 Fresh->Fresh ,"{""lower"": {""bound"": 8, ""raw"": -15, ""strict"": false}, ""upper"": {""bound"": 8, ""raw"": 17, ""strict"": false}}",{}
73,27 55 ;,u0_boundary_B_KPI_0:55 Fresh->Fresh ,"{""lower"": {""bound"": 8, ""raw"": -15, ""strict"": false}, ""upper"": {""bound"": 9, ""raw"": 19, ""strict"": false}}",{}
74,27 52 ;,u0_boundary_B_KPI_0:52 Fresh->Fresh ,"{""lower"": {""bound"": 9, ""raw"": -17, ""strict"": false}, ""upper"": {""bound"": 9, ""raw"": 19, ""strict"": false}}",{}
75,27 55 ;,u0_boundary_B_KPI_0:55 Fresh->Fresh ,"{""lower"": {""bound"": 9, ""raw"": -17, ""strict"": false}, ""upper"": {""bound"": 10, ""raw"": 21, ""strict"": false}}",{}
76,21 0 0 0 0 0 0 0 0 ;,shared_load:0 Wait->Sample_1 ,"{""lower"": {""bound"": 10, ""raw"": -19, ""strict"": false}, ""upper"": {""bound"": 10, ""raw"": 21, ""strict"": false}}",{}
77,21 1 -1 ;,shared_load:1 Sample_1->Publish_0 ,"{""lower"": {""bound"": 10, ""raw"": -19, ""strict"": false}, ""upper"": {""bound"": 10, ""raw"": 21, ""strict"": false}}",{}
78,21 2 ; 27 6 ;,shared_load:2 Publish_0->Offer_0 u0_bus_new_mac_sample!; u0_boundary_B_KPI_0:6 Fresh->Fresh u0_bus_new_mac_sample?,"{""lower"": {""bound"": 10, ""raw"": -19, ""strict"": false}, ""upper"": {""bound"": 10, ""raw"": 21, ""strict"": false}}",{}
79,21 4 ;,shared_load:4 Offer_0->Wait ,"{""lower"": {""bound"": 10, ""raw"": -19, ""strict"": false}, ""upper"": {""bound"": 10, ""raw"": 21, ""strict"": false}}","{""u0_bus_tick_missed"": [0, 1]}"
80,20 25 ;,u0_boundary_E_PHY_INPUT_0:25 Wait->Wait ,"{""lower"": {""bound"": 10, ""raw"": -19, ""strict"": false}, ""upper"": {""bound"": 10, ""raw"": 21, ""strict"": false}}","{""u0_bus_input_missed"": [0, 1]}"
81,27 48 ;,u0_boundary_B_KPI_0:48 Fresh->Stale ,"{""lower"": {""bound"": 10, ""raw"": -19, ""strict"": false}, ""upper"": {""bound"": 10, ""raw"": 21, ""strict"": false}}","{""u0_app_detectionFreshnessClass"": [0, 1], ""u0_boundary_B_KPI_0.band"": [0, 1], ""u0_mac_kpiFreshnessClass"": [0, 1], ""u0_sdn_telemetryClass"": [0, 1]}"
82,27 58 ;,u0_boundary_B_KPI_0:58 Stale->Stale ,"{""lower"": {""bound"": 10, ""raw"": -19, ""strict"": false}, ""upper"": {""bound"": 10, ""raw"": 21, ""strict"": false}}",{}
83,27 61 ;,u0_boundary_B_KPI_0:61 Stale->Stale ,"{""lower"": {""bound"": 10, ""raw"": -19, ""strict"": false}, ""upper"": {""bound"": 11, ""raw"": 23, ""strict"": false}}",{}
84,3 25 ; 50 2 ;,u0_phy_A_SQ_0:25 JobMeasuring->SensingQoSOk c82_measurement!; c82_job:2 Measuring->ResultReady c82_measurement?,"{""lower"": {""bound"": 10, ""raw"": -19, ""strict"": false}, ""upper"": {""bound"": 11, ""raw"": 23, ""strict"": false}}","{""c82_acc"": [2, 0], ""c82_cov"": [2, 0], ""c82_fa"": [2, 0], ""c82_miss"": [2, 0], ""c82_pd"": [2, 0], ""c82_sample_id"": [0, 1], ""c82_sample_request_id"": [0, 1], ""c82_sampled"": [0, 1]}"
85,50 4 ; 21 5 ;,c82_job:4 ResultReady->Queued c82_enqueue!; shared_load:5 Wait->Wait c82_enqueue?,"{""lower"": {""bound"": 10, ""raw"": -19, ""strict"": false}, ""upper"": {""bound"": 11, ""raw"": 23, ""strict"": false}}","{""c82_enqueued"": [0, 1], ""c82_fifo_rank"": [0, 1], ""u0_mac_queueClass"": [0, 1], ""u0_mac_queue_q"": [0, 1]}"
86,27 58 ;,u0_boundary_B_KPI_0:58 Stale->Stale ,"{""lower"": {""bound"": 11, ""raw"": -21, ""strict"": false}, ""upper"": {""bound"": 11, ""raw"": 23, ""strict"": false}}",{}
87,27 61 ;,u0_boundary_B_KPI_0:61 Stale->Stale ,"{""lower"": {""bound"": 11, ""raw"": -21, ""strict"": false}, ""upper"": {""bound"": 12, ""raw"": 25, ""strict"": false}}",{}
88,22 9 ;,u0_boundary_E_FAULT_0:9 Before_Idle->Done_Idle ,"{""lower"": {""bound"": 12, ""raw"": -23, ""strict"": false}, ""upper"": {""bound"": 12, ""raw"": 25, ""strict"": false}}",{}
89,27 58 ;,u0_boundary_B_KPI_0:58 Stale->Stale ,"{""lower"": {""bound"": 12, ""raw"": -23, ""strict"": false}, ""upper"": {""bound"": 12, ""raw"": 25, ""strict"": false}}",{}
90,27 61 ;,u0_boundary_B_KPI_0:61 Stale->Stale ,"{""lower"": {""bound"": 12, ""raw"": -23, ""strict"": false}, ""upper"": {""bound"": 13, ""raw"": 27, ""strict"": false}}",{}
91,27 58 ;,u0_boundary_B_KPI_0:58 Stale->Stale ,"{""lower"": {""bound"": 13, ""raw"": -25, ""strict"": false}, ""upper"": {""bound"": 13, ""raw"": 27, ""strict"": false}}",{}
92,27 61 ;,u0_boundary_B_KPI_0:61 Stale->Stale ,"{""lower"": {""bound"": 13, ""raw"": -25, ""strict"": false}, ""upper"": {""bound"": 14, ""raw"": 29, ""strict"": false}}",{}
93,27 58 ;,u0_boundary_B_KPI_0:58 Stale->Stale ,"{""lower"": {""bound"": 14, ""raw"": -27, ""strict"": false}, ""upper"": {""bound"": 14, ""raw"": 29, ""strict"": false}}",{}
94,27 61 ;,u0_boundary_B_KPI_0:61 Stale->Stale ,"{""lower"": {""bound"": 14, ""raw"": -27, ""strict"": false}, ""upper"": {""bound"": 15, ""raw"": 31, ""strict"": false}}",{}
95,21 0 0 0 0 0 0 0 0 ;,shared_load:0 Wait->Sample_1 ,"{""lower"": {""bound"": 15, ""raw"": -29, ""strict"": false}, ""upper"": {""bound"": 15, ""raw"": 31, ""strict"": false}}",{}
96,21 1 0 ;,shared_load:1 Sample_1->Publish_0 ,"{""lower"": {""bound"": 15, ""raw"": -29, ""strict"": false}, ""upper"": {""bound"": 15, ""raw"": 31, ""strict"": false}}","{""c82_dispatched"": [0, 1], ""c82_fifo_rank"": [1, 0], ""c82_tx_request_id"": [0, 1], ""c82_tx_sample_id"": [0, 1], ""family_grant_0"": [0, 1], ""family_last_server"": [-1, 0], ""u0_mac_queueClass"": [1, 0], ""u0_mac_queue_q"": [1, 0]}"
97,21 2 ; 27 10 ;,shared_load:2 Publish_0->Offer_0 u0_bus_new_mac_sample!; u0_boundary_B_KPI_0:10 Stale->Stale u0_bus_new_mac_sample?,"{""lower"": {""bound"": 15, ""raw"": -29, ""strict"": false}, ""upper"": {""bound"": 15, ""raw"": 31, ""strict"": false}}",{}
98,21 4 ;,shared_load:4 Offer_0->Wait ,"{""lower"": {""bound"": 15, ""raw"": -29, ""strict"": false}, ""upper"": {""bound"": 15, ""raw"": 31, ""strict"": false}}",{}
99,50 6 ;,c82_job:6 Queued->Transmitting ,"{""lower"": {""bound"": 15, ""raw"": -29, ""strict"": false}, ""upper"": {""bound"": 15, ""raw"": 31, ""strict"": false}}","{""c82_attempted"": [0, 1]}"
100,50 7 ; 16 12 ;,c82_job:7 Transmitting->Done c82_result_delivery!; u0_app_Req_0:12 Accepted->Completed c82_result_delivery?,"{""lower"": {""bound"": 15, ""raw"": -29, ""strict"": false}, ""upper"": {""bound"": 15, ""raw"": 31, ""strict"": false}}","{""c82_active"": [1, 0], ""c82_outcome"": [0, 1], ""c82_receipt_quality"": [0, 1], ""c82_receipt_sample_band"": [2, 0], ""c82_receipt_service_band"": [0, 1], ""c82_receipt_timely"": [0, 1], ""c82_received"": [0, 1], ""c82_received_request_id"": [0, 1], ""c82_received_sample_id"": [0, 1], ""c82_success"": [0, 1], ""u0_bus_complete_delivered"": [0, 1]}"
